"Var1"	"Var2"	"value"	"T"
"FXR2"	"FMR1"	0.665677796262904	"TRUE"
"FMR1"	"FXR2"	0.665677796262904	"TRUE"
"IGF2BP2"	"IGF2BP1"	0.585992461538891	NA
"IGF2BP1"	"IGF2BP2"	0.585992461538891	"TRUE"
"FXR2"	"FXR1"	0.554203303409568	"TRUE"
"FXR1"	"FXR2"	0.554203303409568	"TRUE"
"U2AF2"	"U2AF1"	0.549737318994623	"TRUE"
"U2AF1"	"U2AF2"	0.549737318994623	"TRUE"
"FXR1"	"FMR1"	0.539095908844533	"TRUE"
"FMR1"	"FXR1"	0.539095908844533	"TRUE"
"TRA2A"	"CPSF6"	0.451094306404675	NA
"CPSF6"	"TRA2A"	0.451094306404675	NA
"TRA2A"	"EIF4G2"	0.4507888701173	NA
"EIF4G2"	"TRA2A"	0.4507888701173	NA
"IGF2BP2"	"FXR2"	0.446416969970789	NA
"FXR2"	"IGF2BP2"	0.446416969970789	NA
"EIF4G2"	"CPSF6"	0.425357846611738	NA
"CPSF6"	"EIF4G2"	0.425357846611738	NA
"TNRC6A"	"FXR1"	0.418982222528261	NA
"FXR1"	"TNRC6A"	0.418982222528261	NA
"SLTM"	"EIF4G2"	0.417522101994399	NA
"EIF4G2"	"SLTM"	0.417522101994399	NA
"TARDBP"	"EIF4G2"	0.411894178987697	NA
"EIF4G2"	"TARDBP"	0.411894178987697	NA
"YWHAG"	"SLTM"	0.410925151666698	NA
"SLTM"	"YWHAG"	0.410925151666698	NA
"TNRC6A"	"FXR2"	0.407328100621787	NA
"FXR2"	"TNRC6A"	0.407328100621787	NA
"YWHAG"	"TNRC6A"	0.403427243260066	NA
"TNRC6A"	"YWHAG"	0.403427243260066	NA
"LARP7"	"AUH"	0.402586814393603	NA
"AUH"	"LARP7"	0.402586814393603	NA
"TNRC6A"	"FMR1"	0.402228191650438	NA
"FMR1"	"TNRC6A"	0.402228191650438	NA
"TARDBP"	"CPSF6"	0.402030487720758	NA
"CPSF6"	"TARDBP"	0.402030487720758	NA
"TRA2A"	"TARDBP"	0.401913049095581	NA
"TARDBP"	"TRA2A"	0.401913049095581	NA
"SND1"	"FXR1"	0.399824397757929	NA
"FXR1"	"SND1"	0.399824397757929	NA
"IGF2BP2"	"FMR1"	0.398459645814858	NA
"FMR1"	"IGF2BP2"	0.398459645814858	NA
"SND1"	"IGF2BP1"	0.396163865802602	NA
"IGF2BP1"	"SND1"	0.396163865802602	NA
"SND1"	"IGF2BP2"	0.395187449810292	NA
"IGF2BP2"	"SND1"	0.395187449810292	NA
"YWHAG"	"EIF4G2"	0.393714159848643	NA
"EIF4G2"	"YWHAG"	0.393714159848643	NA
"TAF15"	"SAFB2"	0.393465467439526	NA
"SAFB2"	"TAF15"	0.393465467439526	NA
"FXR2"	"EIF4G2"	0.393343137073455	NA
"EIF4G2"	"FXR2"	0.393343137073455	NA
"TRA2A"	"FXR2"	0.392028502889982	NA
"FXR2"	"TRA2A"	0.392028502889982	NA
"PTBP1"	"EIF4G2"	0.389916830164008	NA
"EIF4G2"	"PTBP1"	0.389916830164008	NA
"SAFB2"	"KHDRBS1"	0.386424125856478	NA
"KHDRBS1"	"SAFB2"	0.386424125856478	NA
"YWHAG"	"NPM1"	0.382551920487346	NA
"NPM1"	"YWHAG"	0.382551920487346	NA
"TAF15"	"KHDRBS1"	0.381698532912471	NA
"KHDRBS1"	"TAF15"	0.381698532912471	NA
"FMR1"	"EIF4G2"	0.380873582949089	NA
"EIF4G2"	"FMR1"	0.380873582949089	NA
"TAF15"	"HNRNPA1"	0.376737358633872	NA
"HNRNPA1"	"TAF15"	0.376737358633872	"TRUE"
"TNRC6A"	"RBM27"	0.376279565042346	NA
"RBM27"	"TNRC6A"	0.376279565042346	NA
"NPM1"	"GNL3"	0.375914926348403	"TRUE"
"GNL3"	"NPM1"	0.375914926348403	NA
"PTBP1"	"CPSF6"	0.374660245775424	NA
"CPSF6"	"PTBP1"	0.374660245775424	NA
"TNRC6A"	"GNL3"	0.3729480717428	NA
"GNL3"	"TNRC6A"	0.3729480717428	NA
"TRA2A"	"SRSF1"	0.372687526911771	NA
"SRSF1"	"TRA2A"	0.372687526911771	NA
"LIN28B"	"FXR1"	0.372224669848767	NA
"FXR1"	"LIN28B"	0.372224669848767	NA
"YWHAG"	"GNL3"	0.371345618487213	NA
"GNL3"	"YWHAG"	0.371345618487213	NA
"TRA2A"	"PTBP1"	0.370853453907055	NA
"PTBP1"	"TRA2A"	0.370853453907055	NA
"YWHAG"	"CPSF6"	0.369372215710304	NA
"CPSF6"	"YWHAG"	0.369372215710304	NA
"TNRC6A"	"SND1"	0.369120493417756	NA
"SND1"	"TNRC6A"	0.369120493417756	NA
"TROVE2"	"SND1"	0.368096525682668	NA
"SND1"	"TROVE2"	0.368096525682668	NA
"IGF2BP2"	"FXR1"	0.368011287494575	NA
"FXR1"	"IGF2BP2"	0.368011287494575	NA
"HNRNPU"	"HNRNPA1"	0.367393438459845	"TRUE"
"HNRNPA1"	"HNRNPU"	0.367393438459845	"TRUE"
"YWHAG"	"TARDBP"	0.366547982593453	NA
"TARDBP"	"YWHAG"	0.366547982593453	NA
"LIN28B"	"FXR2"	0.365284250722383	NA
"FXR2"	"LIN28B"	0.365284250722383	NA
"SRSF1"	"CPSF6"	0.363214128076808	NA
"CPSF6"	"SRSF1"	0.363214128076808	NA
"TRA2A"	"FMR1"	0.361895708732594	NA
"FMR1"	"TRA2A"	0.361895708732594	NA
"TRA2A"	"FXR1"	0.361388589019529	NA
"FXR1"	"TRA2A"	0.361388589019529	NA
"IGF2BP1"	"FXR1"	0.360909415236767	NA
"FXR1"	"IGF2BP1"	0.360909415236767	NA
"TNRC6A"	"EIF4G2"	0.360719354429918	NA
"EIF4G2"	"TNRC6A"	0.360719354429918	NA
"TARDBP"	"PTBP1"	0.360521517957558	"TRUE"
"PTBP1"	"TARDBP"	0.360521517957558	NA
"YWHAG"	"TRA2A"	0.359186847441839	"TRUE"
"TRA2A"	"YWHAG"	0.359186847441839	NA
"YWHAG"	"PTBP1"	0.358368032251019	NA
"PTBP1"	"YWHAG"	0.358368032251019	NA
"YWHAG"	"SBDS"	0.357486538866118	NA
"SBDS"	"YWHAG"	0.357486538866118	NA
"GTF2F1"	"CSTF2T"	0.357245522753788	NA
"CSTF2T"	"GTF2F1"	0.357245522753788	NA
"TNRC6A"	"NPM1"	0.35597305109497	NA
"NPM1"	"TNRC6A"	0.35597305109497	NA
"SLTM"	"CPSF6"	0.355785924476403	NA
"CPSF6"	"SLTM"	0.355785924476403	NA
"TARDBP"	"GNL3"	0.355260958877111	"TRUE"
"GNL3"	"TARDBP"	0.355260958877111	NA
"TROVE2"	"GTF2F1"	0.353196627774929	NA
"GTF2F1"	"TROVE2"	0.353196627774929	NA
"SBDS"	"LARP7"	0.352800160221864	NA
"LARP7"	"SBDS"	0.352800160221864	NA
"TARDBP"	"NPM1"	0.351064758006559	"TRUE"
"NPM1"	"TARDBP"	0.351064758006559	NA
"TNRC6A"	"GTF2F1"	0.348792225475865	NA
"GTF2F1"	"TNRC6A"	0.348792225475865	NA
"TROVE2"	"TNRC6A"	0.348563366237604	NA
"TNRC6A"	"TROVE2"	0.348563366237604	NA
"TRA2A"	"SLTM"	0.348513584635779	NA
"SLTM"	"TRA2A"	0.348513584635779	NA
"SLTM"	"DDX42"	0.348260879458146	NA
"DDX42"	"SLTM"	0.348260879458146	NA
"SND1"	"FXR2"	0.348172587668343	NA
"FXR2"	"SND1"	0.348172587668343	NA
"GNL3"	"EIF4G2"	0.347766451482948	NA
"EIF4G2"	"GNL3"	0.347766451482948	NA
"NONO"	"GTF2F1"	0.347385523194868	NA
"GTF2F1"	"NONO"	0.347385523194868	NA
"TNRC6A"	"DGCR8"	0.346904686256169	NA
"DGCR8"	"TNRC6A"	0.346904686256169	NA
"YWHAG"	"DGCR8"	0.346812643357105	NA
"DGCR8"	"YWHAG"	0.346812643357105	NA
"TAF15"	"HNRNPU"	0.34609004532112	NA
"HNRNPU"	"TAF15"	0.34609004532112	NA
"YWHAG"	"GTF2F1"	0.346036011751315	NA
"GTF2F1"	"YWHAG"	0.346036011751315	NA
"RBM27"	"DGCR8"	0.345113756638739	NA
"DGCR8"	"RBM27"	0.345113756638739	NA
"SBDS"	"GNL3"	0.344407875887885	NA
"GNL3"	"SBDS"	0.344407875887885	NA
"IGF2BP1"	"FXR2"	0.344296244286706	NA
"FXR2"	"IGF2BP1"	0.344296244286706	NA
"HNRNPUL1"	"CSTF2T"	0.344173241426243	NA
"CSTF2T"	"HNRNPUL1"	0.344173241426243	NA
"SRSF1"	"EIF4G2"	0.344087601010435	NA
"EIF4G2"	"SRSF1"	0.344087601010435	NA
"NPM1"	"EIF4G2"	0.343631819160523	"TRUE"
"EIF4G2"	"NPM1"	0.343631819160523	NA
"YWHAG"	"RBM27"	0.343430838722536	NA
"RBM27"	"YWHAG"	0.343430838722536	NA
"TROVE2"	"DGCR8"	0.343423594940342	NA
"DGCR8"	"TROVE2"	0.343423594940342	NA
"SLTM"	"GTF2F1"	0.342284443651434	NA
"GTF2F1"	"SLTM"	0.342284443651434	NA
"YWHAG"	"FXR2"	0.342099259741276	NA
"FXR2"	"YWHAG"	0.342099259741276	NA
"SND1"	"LIN28B"	0.342098077602476	NA
"LIN28B"	"SND1"	0.342098077602476	NA
"IGF2BP2"	"FAM120A"	0.341693121443341	NA
"FAM120A"	"IGF2BP2"	0.341693121443341	NA
"TNRC6A"	"SBDS"	0.341619547538184	NA
"SBDS"	"TNRC6A"	0.341619547538184	NA
"YWHAG"	"FXR1"	0.34142099921507	NA
"FXR1"	"YWHAG"	0.34142099921507	NA
"XRN2"	"DDX42"	0.339590787725794	NA
"DDX42"	"XRN2"	0.339590787725794	NA
"SLTM"	"PTBP1"	0.338847917528928	NA
"PTBP1"	"SLTM"	0.338847917528928	NA
"SND1"	"GNL3"	0.338097425485525	NA
"GNL3"	"SND1"	0.338097425485525	NA
"SAFB2"	"CPSF6"	0.337667520649565	NA
"CPSF6"	"SAFB2"	0.337667520649565	NA
"NONO"	"CSTF2T"	0.33740437738962	NA
"CSTF2T"	"NONO"	0.33740437738962	NA
"LIN28B"	"FMR1"	0.336355284346763	NA
"FMR1"	"LIN28B"	0.336355284346763	NA
"XRN2"	"EIF4G2"	0.336217336239336	NA
"EIF4G2"	"XRN2"	0.336217336239336	NA
"SAFB2"	"HNRNPA1"	0.336202366688096	NA
"HNRNPA1"	"SAFB2"	0.336202366688096	"TRUE"
"RBM27"	"GTF2F1"	0.335924883116991	NA
"GTF2F1"	"RBM27"	0.335924883116991	NA
"GNL3"	"FXR1"	0.335139070449191	NA
"FXR1"	"GNL3"	0.335139070449191	NA
"SLTM"	"FXR2"	0.335060297089365	NA
"FXR2"	"SLTM"	0.335060297089365	NA
"FXR1"	"CPSF6"	0.334168134152165	NA
"CPSF6"	"FXR1"	0.334168134152165	NA
"GNL3"	"DGCR8"	0.333914623359958	NA
"DGCR8"	"GNL3"	0.333914623359958	NA
"SBDS"	"RBM27"	0.333797650576489	NA
"RBM27"	"SBDS"	0.333797650576489	NA
"XRN2"	"SLTM"	0.333735265493637	NA
"SLTM"	"XRN2"	0.333735265493637	NA
"SLTM"	"RBM27"	0.33263606422966	NA
"RBM27"	"SLTM"	0.33263606422966	NA
"YWHAG"	"TROVE2"	0.332246062499703	NA
"TROVE2"	"YWHAG"	0.332246062499703	NA
"FXR1"	"FAM120A"	0.33216910001462	NA
"FAM120A"	"FXR1"	0.33216910001462	NA
"NONO"	"DGCR8"	0.33080440514846	NA
"DGCR8"	"NONO"	0.33080440514846	NA
"YWHAG"	"FAM120A"	0.330690485269147	NA
"FAM120A"	"YWHAG"	0.330690485269147	NA
"TNRC6A"	"SLTM"	0.33046508612964	NA
"SLTM"	"TNRC6A"	0.33046508612964	NA
"FXR1"	"EIF4G2"	0.32997583978994	NA
"EIF4G2"	"FXR1"	0.32997583978994	NA
"XRN2"	"GTF2F1"	0.329967475632443	NA
"GTF2F1"	"XRN2"	0.329967475632443	NA
"GTF2F1"	"DGCR8"	0.329482437642441	NA
"DGCR8"	"GTF2F1"	0.329482437642441	NA
"PTBP1"	"NPM1"	0.329348859837344	"TRUE"
"NPM1"	"PTBP1"	0.329348859837344	NA
"GNL3"	"FXR2"	0.328743277907665	NA
"FXR2"	"GNL3"	0.328743277907665	NA
"TAF15"	"GTF2F1"	0.3286902624384	NA
"GTF2F1"	"TAF15"	0.3286902624384	NA
"TARDBP"	"SRSF1"	0.328128652933606	NA
"SRSF1"	"TARDBP"	0.328128652933606	NA
"TAF15"	"HNRNPUL1"	0.328017552205246	NA
"HNRNPUL1"	"TAF15"	0.328017552205246	NA
"TROVE2"	"LSM11"	0.327457790970293	NA
"LSM11"	"TROVE2"	0.327457790970293	NA
"SBDS"	"NPM1"	0.327272396166044	NA
"NPM1"	"SBDS"	0.327272396166044	NA
"GNL3"	"CPSF6"	0.327213377373314	NA
"CPSF6"	"GNL3"	0.327213377373314	NA
"SLTM"	"FMR1"	0.327077807956124	NA
"FMR1"	"SLTM"	0.327077807956124	NA
"TARDBP"	"SLTM"	0.326783602005474	NA
"SLTM"	"TARDBP"	0.326783602005474	NA
"GTF2F1"	"EIF4G2"	0.326139649671245	NA
"EIF4G2"	"GTF2F1"	0.326139649671245	NA
"NPM1"	"CPSF6"	0.325814327210249	"TRUE"
"CPSF6"	"NPM1"	0.325814327210249	NA
"IGF2BP1"	"FAM120A"	0.325149666079748	NA
"FAM120A"	"IGF2BP1"	0.325149666079748	NA
"XRN2"	"CPSF6"	0.324725495110568	NA
"CPSF6"	"XRN2"	0.324725495110568	NA
"SLTM"	"SAFB2"	0.324441904141738	NA
"SAFB2"	"SLTM"	0.324441904141738	NA
"TAF15"	"CSTF2T"	0.324416125000955	NA
"CSTF2T"	"TAF15"	0.324416125000955	NA
"SRSF1"	"FMR1"	0.324106878302276	NA
"FMR1"	"SRSF1"	0.324106878302276	NA
"TNRC6A"	"IGF2BP2"	0.324106037995911	NA
"IGF2BP2"	"TNRC6A"	0.324106037995911	NA
"SLTM"	"CSTF2T"	0.324013204771118	NA
"CSTF2T"	"SLTM"	0.324013204771118	NA
"RBM27"	"GNL3"	0.323733240513956	NA
"GNL3"	"RBM27"	0.323733240513956	NA
"YWHAG"	"FMR1"	0.32312024262758	NA
"FMR1"	"YWHAG"	0.32312024262758	NA
"FAM120A"	"EIF4G2"	0.323050319538815	NA
"EIF4G2"	"FAM120A"	0.323050319538815	NA
"SND1"	"LSM11"	0.322709565162357	NA
"LSM11"	"SND1"	0.322709565162357	NA
"YWHAG"	"SND1"	0.322521822373272	NA
"SND1"	"YWHAG"	0.322521822373272	NA
"TNRC6A"	"PTBP1"	0.322448792292389	NA
"PTBP1"	"TNRC6A"	0.322448792292389	NA
"RBM27"	"EIF4G2"	0.322390163850519	NA
"EIF4G2"	"RBM27"	0.322390163850519	NA
"IGF2BP2"	"EIF4G2"	0.322364724777895	NA
"EIF4G2"	"IGF2BP2"	0.322364724777895	NA
"TNRC6A"	"TARDBP"	0.3223067938835	NA
"TARDBP"	"TNRC6A"	0.3223067938835	NA
"TAF15"	"LSM11"	0.321790283584747	NA
"LSM11"	"TAF15"	0.321790283584747	NA
"TRA2A"	"GNL3"	0.321015022008723	NA
"GNL3"	"TRA2A"	0.321015022008723	NA
"HNRNPUL1"	"GTF2F1"	0.32100919545851	NA
"GTF2F1"	"HNRNPUL1"	0.32100919545851	NA
"SND1"	"DGCR8"	0.319933980448947	NA
"DGCR8"	"SND1"	0.319933980448947	NA
"GNL3"	"FMR1"	0.319624727827219	NA
"FMR1"	"GNL3"	0.319624727827219	NA
"TNRC6A"	"FAM120A"	0.319597671452459	NA
"FAM120A"	"TNRC6A"	0.319597671452459	NA
"TARDBP"	"FXR1"	0.319506442158858	NA
"FXR1"	"TARDBP"	0.319506442158858	NA
"SAFB2"	"HNRNPU"	0.319491811107043	NA
"HNRNPU"	"SAFB2"	0.319491811107043	NA
"SRSF1"	"FXR2"	0.319434990410338	NA
"FXR2"	"SRSF1"	0.319434990410338	NA
"FXR2"	"CPSF6"	0.319336545451777	"TRUE"
"CPSF6"	"FXR2"	0.319336545451777	"TRUE"
"SBDS"	"EIF4G2"	0.319281796575106	NA
"EIF4G2"	"SBDS"	0.319281796575106	NA
"NONO"	"HNRNPUL1"	0.319193164816127	NA
"HNRNPUL1"	"NONO"	0.319193164816127	NA
"EIF4G2"	"DDX42"	0.319125444805164	NA
"DDX42"	"EIF4G2"	0.319125444805164	NA
"TROVE2"	"RBM27"	0.318948646963692	NA
"RBM27"	"TROVE2"	0.318948646963692	NA
"SLBP"	"SBDS"	0.318938959973161	NA
"SBDS"	"SLBP"	0.318938959973161	NA
"YWHAG"	"TAF15"	0.318744221294607	NA
"TAF15"	"YWHAG"	0.318744221294607	NA
"GTF2F1"	"DDX42"	0.31864197716775	NA
"DDX42"	"GTF2F1"	0.31864197716775	NA
"KHDRBS1"	"HNRNPU"	0.318554806918673	NA
"HNRNPU"	"KHDRBS1"	0.318554806918673	NA
"YWHAG"	"SAFB2"	0.318398646078895	NA
"SAFB2"	"YWHAG"	0.318398646078895	NA
"TROVE2"	"FXR1"	0.31831659538097	NA
"FXR1"	"TROVE2"	0.31831659538097	NA
"TAF15"	"SLTM"	0.316995647890027	NA
"SLTM"	"TAF15"	0.316995647890027	NA
"TROVE2"	"NONO"	0.316510696019164	NA
"NONO"	"TROVE2"	0.316510696019164	NA
"SRSF1"	"PTBP1"	0.315968479032102	NA
"PTBP1"	"SRSF1"	0.315968479032102	NA
"SND1"	"DDX3X"	0.315782246549415	NA
"DDX3X"	"SND1"	0.315782246549415	"TRUE"
"SND1"	"FMR1"	0.315434708079696	NA
"FMR1"	"SND1"	0.315434708079696	NA
"SBDS"	"AUH"	0.315420572614672	NA
"AUH"	"SBDS"	0.315420572614672	NA
"RBM27"	"FAM120A"	0.315109104983948	NA
"FAM120A"	"RBM27"	0.315109104983948	NA
"HNRNPU"	"CSTF2T"	0.314958845561226	NA
"CSTF2T"	"HNRNPU"	0.314958845561226	NA
"SLTM"	"DGCR8"	0.314318097966026	NA
"DGCR8"	"SLTM"	0.314318097966026	NA
"TAF15"	"CPSF6"	0.314292516081663	NA
"CPSF6"	"TAF15"	0.314292516081663	NA
"SND1"	"EIF4G2"	0.313810930251177	NA
"EIF4G2"	"SND1"	0.313810930251177	NA
"XRN2"	"SMNDC1"	0.313782900798791	NA
"SMNDC1"	"XRN2"	0.313782900798791	NA
"FXR2"	"FAM120A"	0.313076668714085	NA
"FAM120A"	"FXR2"	0.313076668714085	NA
"GTF2F1"	"CPSF6"	0.312661790916852	NA
"CPSF6"	"GTF2F1"	0.312661790916852	NA
"KHDRBS1"	"HNRNPA1"	0.312425702379317	NA
"HNRNPA1"	"KHDRBS1"	0.312425702379317	"TRUE"
"FAM120A"	"CPSF6"	0.312309806657829	NA
"CPSF6"	"FAM120A"	0.312309806657829	NA
"SBDS"	"DGCR8"	0.312085830657976	NA
"DGCR8"	"SBDS"	0.312085830657976	NA
"SLTM"	"NPM1"	0.312040525231265	NA
"NPM1"	"SLTM"	0.312040525231265	NA
"HNRNPA1"	"GTF2F1"	0.31190845084121	"TRUE"
"GTF2F1"	"HNRNPA1"	0.31190845084121	NA
"TRA2A"	"TNRC6A"	0.31176799582631	NA
"TNRC6A"	"TRA2A"	0.31176799582631	NA
"TROVE2"	"GNL3"	0.31154002528813	NA
"GNL3"	"TROVE2"	0.31154002528813	NA
"TROVE2"	"CSTF2T"	0.311487579152096	NA
"CSTF2T"	"TROVE2"	0.311487579152096	NA
"YWHAG"	"LSM11"	0.310816162126121	NA
"LSM11"	"YWHAG"	0.310816162126121	NA
"RBM27"	"NONO"	0.310495848386452	NA
"NONO"	"RBM27"	0.310495848386452	NA
"SRSF1"	"FXR1"	0.310471544123907	NA
"FXR1"	"SRSF1"	0.310471544123907	NA
"SND1"	"GTF2F1"	0.3104280856893	NA
"GTF2F1"	"SND1"	0.3104280856893	NA
"NONO"	"HNRNPM"	0.310289292436986	NA
"HNRNPM"	"NONO"	0.310289292436986	"TRUE"
"YWHAG"	"SRSF1"	0.309919441433538	NA
"SRSF1"	"YWHAG"	0.309919441433538	NA
"SLTM"	"FAM120A"	0.30991456966166	NA
"FAM120A"	"SLTM"	0.30991456966166	NA
"TROVE2"	"FAM120A"	0.309657989312629	NA
"FAM120A"	"TROVE2"	0.309657989312629	NA
"HNRNPUL1"	"HNRNPU"	0.309512437364286	NA
"HNRNPU"	"HNRNPUL1"	0.309512437364286	NA
"SND1"	"RBM27"	0.309466801506285	NA
"RBM27"	"SND1"	0.309466801506285	NA
"PTBP1"	"GNL3"	0.308816187311863	NA
"GNL3"	"PTBP1"	0.308816187311863	NA
"GTF2F1"	"FAM120A"	0.308668978414989	NA
"FAM120A"	"GTF2F1"	0.308668978414989	NA
"EIF4G2"	"DGCR8"	0.308659752506866	NA
"DGCR8"	"EIF4G2"	0.308659752506866	NA
"SND1"	"FAM120A"	0.308538089204351	NA
"FAM120A"	"SND1"	0.308538089204351	NA
"TRA2A"	"NPM1"	0.308391065018063	NA
"NPM1"	"TRA2A"	0.308391065018063	NA
"DGCR8"	"DDX42"	0.308161318426923	NA
"DDX42"	"DGCR8"	0.308161318426923	NA
"LSM11"	"GTF2F1"	0.308073512751713	NA
"GTF2F1"	"LSM11"	0.308073512751713	NA
"FXR2"	"DDX3X"	0.307658766808573	NA
"DDX3X"	"FXR2"	0.307658766808573	NA
"GTF2F1"	"GNL3"	0.306798599168043	NA
"GNL3"	"GTF2F1"	0.306798599168043	NA
"NPM1"	"DGCR8"	0.306552911951711	NA
"DGCR8"	"NPM1"	0.306552911951711	NA
"TNRC6A"	"CPSF6"	0.306516011730242	NA
"CPSF6"	"TNRC6A"	0.306516011730242	NA
"SLTM"	"LSM11"	0.306277066239066	NA
"LSM11"	"SLTM"	0.306277066239066	NA
"LARP7"	"EIF4G2"	0.306102273942084	NA
"EIF4G2"	"LARP7"	0.306102273942084	NA
"TROVE2"	"SLTM"	0.305911817538963	NA
"SLTM"	"TROVE2"	0.305911817538963	NA
"SND1"	"CPSF6"	0.305663785665013	NA
"CPSF6"	"SND1"	0.305663785665013	NA
"YWHAG"	"HNRNPUL1"	0.30560413128474	NA
"HNRNPUL1"	"YWHAG"	0.30560413128474	NA
"LIN28B"	"DDX3X"	0.305301646192068	NA
"DDX3X"	"LIN28B"	0.305301646192068	NA
"XRN2"	"SRSF1"	0.3051355394908	NA
"SRSF1"	"XRN2"	0.3051355394908	NA
"TARDBP"	"LIN28B"	0.304013029031448	NA
"LIN28B"	"TARDBP"	0.304013029031448	NA
"PTBP1"	"DGCR8"	0.303931383940153	NA
"DGCR8"	"PTBP1"	0.303931383940153	NA
"SAFB2"	"HNRNPUL1"	0.303900973935435	"TRUE"
"HNRNPUL1"	"SAFB2"	0.303900973935435	NA
"GNL3"	"FAM120A"	0.303681004726503	NA
"FAM120A"	"GNL3"	0.303681004726503	NA
"RBM27"	"LSM11"	0.303515790749443	NA
"LSM11"	"RBM27"	0.303515790749443	NA
"HNRNPU"	"GTF2F1"	0.303382734437115	"TRUE"
"GTF2F1"	"HNRNPU"	0.303382734437115	"TRUE"
"IGF2BP2"	"DDX3X"	0.303377927447704	NA
"DDX3X"	"IGF2BP2"	0.303377927447704	NA
"TROVE2"	"ILF3"	0.303301205867038	NA
"ILF3"	"TROVE2"	0.303301205867038	NA
"TROVE2"	"TAF15"	0.302836291326449	NA
"TAF15"	"TROVE2"	0.302836291326449	NA
"LARP7"	"DDX42"	0.302376952180693	NA
"DDX42"	"LARP7"	0.302376952180693	NA
"HNRNPUL1"	"DGCR8"	0.302075453452246	NA
"DGCR8"	"HNRNPUL1"	0.302075453452246	"TRUE"
"LIN28B"	"CPSF6"	0.30192467023507	NA
"CPSF6"	"LIN28B"	0.30192467023507	NA
"SLTM"	"NONO"	0.301502530660438	NA
"NONO"	"SLTM"	0.301502530660438	NA
"SLTM"	"GNL3"	0.30111805966877	NA
"GNL3"	"SLTM"	0.30111805966877	NA
"KHDRBS1"	"ILF3"	0.301011889740212	NA
"ILF3"	"KHDRBS1"	0.301011889740212	NA
"LSM11"	"FAM120A"	0.300846373515683	NA
"FAM120A"	"LSM11"	0.300846373515683	NA
"ILF3"	"CSTF2T"	0.300831625805243	NA
"CSTF2T"	"ILF3"	0.300831625805243	NA
"SRSF1"	"SMNDC1"	0.300456947662126	NA
"SMNDC1"	"SRSF1"	0.300456947662126	NA
"FMR1"	"FAM120A"	0.300404877120018	NA
"FAM120A"	"FMR1"	0.300404877120018	NA
"SRSF1"	"SLTM"	0.300370014582748	NA
"SLTM"	"SRSF1"	0.300370014582748	NA
"SND1"	"SMNDC1"	0.300229558196257	"TRUE"
"SMNDC1"	"SND1"	0.300229558196257	NA
"TARDBP"	"SND1"	0.300222797123227	"TRUE"
"SND1"	"TARDBP"	0.300222797123227	NA
"TRA2A"	"IGF2BP2"	0.299814685110895	NA
"IGF2BP2"	"TRA2A"	0.299814685110895	NA
"IGF2BP1"	"FMR1"	0.2996376727994	NA
"FMR1"	"IGF2BP1"	0.2996376727994	NA
"YWHAG"	"LARP7"	0.299026300237782	NA
"LARP7"	"YWHAG"	0.299026300237782	NA
"TROVE2"	"HNRNPUL1"	0.298961699631916	NA
"HNRNPUL1"	"TROVE2"	0.298961699631916	NA
"LARP7"	"GNL3"	0.298847077878488	NA
"GNL3"	"LARP7"	0.298847077878488	NA
"FMR1"	"DDX3X"	0.298845285076852	NA
"DDX3X"	"FMR1"	0.298845285076852	NA
"YWHAG"	"NONO"	0.298836263579374	NA
"NONO"	"YWHAG"	0.298836263579374	NA
"TARDBP"	"FXR2"	0.298790449656095	NA
"FXR2"	"TARDBP"	0.298790449656095	NA
"TRA2A"	"LIN28B"	0.298491180880664	NA
"LIN28B"	"TRA2A"	0.298491180880664	NA
"FAM120A"	"CSTF2T"	0.298330348396535	NA
"CSTF2T"	"FAM120A"	0.298330348396535	NA
"YWHAG"	"SMNDC1"	0.298099738701077	NA
"SMNDC1"	"YWHAG"	0.298099738701077	NA
"LSM11"	"KHDRBS1"	0.297793025522166	NA
"KHDRBS1"	"LSM11"	0.297793025522166	NA
"SND1"	"PTBP1"	0.297762406636385	NA
"PTBP1"	"SND1"	0.297762406636385	NA
"SLTM"	"HNRNPUL1"	0.297707048692624	NA
"HNRNPUL1"	"SLTM"	0.297707048692624	NA
"NPM1"	"GTF2F1"	0.297615081745302	NA
"GTF2F1"	"NPM1"	0.297615081745302	NA
"RBM27"	"HNRNPUL1"	0.297224229217191	NA
"HNRNPUL1"	"RBM27"	0.297224229217191	NA
"KHDRBS1"	"HNRNPUL1"	0.297087575463475	NA
"HNRNPUL1"	"KHDRBS1"	0.297087575463475	NA
"ILF3"	"GTF2F1"	0.297073815827369	NA
"GTF2F1"	"ILF3"	0.297073815827369	NA
"HNRNPUL1"	"HNRNPA1"	0.296828779020552	NA
"HNRNPA1"	"HNRNPUL1"	0.296828779020552	"TRUE"
"TNRC6A"	"IGF2BP1"	0.296651357947377	NA
"IGF2BP1"	"TNRC6A"	0.296651357947377	NA
"FAM120A"	"DGCR8"	0.296625358425865	NA
"DGCR8"	"FAM120A"	0.296625358425865	NA
"LSM11"	"CPSF6"	0.296466888969855	NA
"CPSF6"	"LSM11"	0.296466888969855	NA
"LSM11"	"CSTF2T"	0.296266655967195	NA
"CSTF2T"	"LSM11"	0.296266655967195	NA
"FMR1"	"CPSF6"	0.296150545574752	NA
"CPSF6"	"FMR1"	0.296150545574752	NA
"FXR1"	"DDX3X"	0.296120580227497	NA
"DDX3X"	"FXR1"	0.296120580227497	NA
"TNRC6A"	"LARP7"	0.29578676044875	NA
"LARP7"	"TNRC6A"	0.29578676044875	NA
"GNL3"	"DDX3X"	0.295698979010879	NA
"DDX3X"	"GNL3"	0.295698979010879	NA
"SLTM"	"FXR1"	0.295609528074961	NA
"FXR1"	"SLTM"	0.295609528074961	NA
"DGCR8"	"CSTF2T"	0.295070254452402	NA
"CSTF2T"	"DGCR8"	0.295070254452402	NA
"TROVE2"	"SMNDC1"	0.294826700343823	NA
"SMNDC1"	"TROVE2"	0.294826700343823	NA
"YWHAG"	"CSTF2T"	0.294268880231361	NA
"CSTF2T"	"YWHAG"	0.294268880231361	NA
"TNRC6A"	"LSM11"	0.294235127926074	NA
"LSM11"	"TNRC6A"	0.294235127926074	NA
"RBM27"	"FXR2"	0.29422461152169	NA
"FXR2"	"RBM27"	0.29422461152169	NA
"XRN2"	"CSTF2T"	0.293387322002547	NA
"CSTF2T"	"XRN2"	0.293387322002547	NA
"TARDBP"	"TAF15"	0.293157208979519	NA
"TAF15"	"TARDBP"	0.293157208979519	NA
"NPM1"	"KHDRBS1"	0.293061567078177	NA
"KHDRBS1"	"NPM1"	0.293061567078177	NA
"HNRNPM"	"GTF2F1"	0.292892184758053	NA
"GTF2F1"	"HNRNPM"	0.292892184758053	NA
"LIN28B"	"IGF2BP2"	0.292537679252417	NA
"IGF2BP2"	"LIN28B"	0.292537679252417	NA
"SMNDC1"	"LSM11"	0.292138086912198	NA
"LSM11"	"SMNDC1"	0.292138086912198	NA
"TARDBP"	"GTF2F1"	0.291743550779111	NA
"GTF2F1"	"TARDBP"	0.291743550779111	NA
"HNRNPUL1"	"CPSF6"	0.291586259796063	NA
"CPSF6"	"HNRNPUL1"	0.291586259796063	NA
"DDX42"	"CPSF6"	0.291577285567593	NA
"CPSF6"	"DDX42"	0.291577285567593	NA
"EIF4G2"	"AUH"	0.291323612380328	NA
"AUH"	"EIF4G2"	0.291323612380328	NA
"SRSF1"	"SND1"	0.291290136342501	NA
"SND1"	"SRSF1"	0.291290136342501	NA
"SRSF1"	"LIN28B"	0.291147019439256	NA
"LIN28B"	"SRSF1"	0.291147019439256	NA
"YWHAG"	"DDX42"	0.290955893453141	NA
"DDX42"	"YWHAG"	0.290955893453141	NA
"SLTM"	"HNRNPA1"	0.290699296479399	NA
"HNRNPA1"	"SLTM"	0.290699296479399	NA
"TARDBP"	"RBM27"	0.290671734950904	NA
"RBM27"	"TARDBP"	0.290671734950904	NA
"SMNDC1"	"GTF2F1"	0.290645746897079	NA
"GTF2F1"	"SMNDC1"	0.290645746897079	NA
"PTBP1"	"GTF2F1"	0.290298040378923	NA
"GTF2F1"	"PTBP1"	0.290298040378923	NA
"FXR1"	"DGCR8"	0.289739291254286	NA
"DGCR8"	"FXR1"	0.289739291254286	NA
"TARDBP"	"FMR1"	0.289544615829796	NA
"FMR1"	"TARDBP"	0.289544615829796	NA
"SAFB2"	"CSTF2T"	0.289298438056284	NA
"CSTF2T"	"SAFB2"	0.289298438056284	NA
"RBM27"	"FXR1"	0.288988185191752	NA
"FXR1"	"RBM27"	0.288988185191752	NA
"SLBP"	"LARP7"	0.288795273212604	NA
"LARP7"	"SLBP"	0.288795273212604	NA
"TARDBP"	"SAFB2"	0.288746641085259	NA
"SAFB2"	"TARDBP"	0.288746641085259	NA
"TROVE2"	"SBDS"	0.288672829799211	NA
"SBDS"	"TROVE2"	0.288672829799211	NA
"TAF15"	"NPM1"	0.288414355971786	NA
"NPM1"	"TAF15"	0.288414355971786	NA
"NPM1"	"LARP7"	0.288359577947113	NA
"LARP7"	"NPM1"	0.288359577947113	NA
"NPM1"	"FXR1"	0.288221278979672	NA
"FXR1"	"NPM1"	0.288221278979672	NA
"SAFB2"	"GTF2F1"	0.288063988198918	NA
"GTF2F1"	"SAFB2"	0.288063988198918	NA
"LIN28B"	"FAM120A"	0.288060856357741	NA
"FAM120A"	"LIN28B"	0.288060856357741	NA
"XRN2"	"U2AF1"	0.287961494639902	NA
"U2AF1"	"XRN2"	0.287961494639902	NA
"DGCR8"	"CPSF6"	0.287899705090947	NA
"CPSF6"	"DGCR8"	0.287899705090947	NA
"CSTF2T"	"CPSF6"	0.287662360475432	NA
"CPSF6"	"CSTF2T"	0.287662360475432	NA
"PTBP1"	"LSM11"	0.287512986397718	NA
"LSM11"	"PTBP1"	0.287512986397718	NA
"LSM11"	"DGCR8"	0.287452386554059	NA
"DGCR8"	"LSM11"	0.287452386554059	NA
"LARP7"	"FMR1"	0.287251170809874	NA
"FMR1"	"LARP7"	0.287251170809874	NA
"SAFB2"	"NPM1"	0.287227787082869	NA
"NPM1"	"SAFB2"	0.287227787082869	NA
"RBM22"	"HNRNPUL1"	0.287195331524246	"TRUE"
"HNRNPUL1"	"RBM22"	0.287195331524246	"TRUE"
"ILF3"	"DGCR8"	0.287082042807027	NA
"DGCR8"	"ILF3"	0.287082042807027	"TRUE"
"EIF4G2"	"CSTF2T"	0.286878133827608	NA
"CSTF2T"	"EIF4G2"	0.286878133827608	NA
"RBM27"	"IGF2BP2"	0.286845184491841	NA
"IGF2BP2"	"RBM27"	0.286845184491841	NA
"LARP7"	"FXR2"	0.286757552927647	NA
"FXR2"	"LARP7"	0.286757552927647	NA
"SLTM"	"LARP7"	0.286166520382573	NA
"LARP7"	"SLTM"	0.286166520382573	NA
"SLTM"	"AUH"	0.285853042244834	NA
"AUH"	"SLTM"	0.285853042244834	NA
"HNRNPA1"	"CSTF2T"	0.285816472343766	NA
"CSTF2T"	"HNRNPA1"	0.285816472343766	NA
"RBM27"	"NPM1"	0.285503428828123	NA
"NPM1"	"RBM27"	0.285503428828123	NA
"LSM11"	"HNRNPUL1"	0.285240699838217	NA
"HNRNPUL1"	"LSM11"	0.285240699838217	NA
"SMNDC1"	"EIF4G2"	0.285202129795237	NA
"EIF4G2"	"SMNDC1"	0.285202129795237	NA
"YWHAG"	"IGF2BP2"	0.285195862708809	NA
"IGF2BP2"	"YWHAG"	0.285195862708809	NA
"TROVE2"	"DDX42"	0.284961408934885	NA
"DDX42"	"TROVE2"	0.284961408934885	NA
"TROVE2"	"KHDRBS1"	0.284667184192691	NA
"KHDRBS1"	"TROVE2"	0.284667184192691	NA
"NPM1"	"FXR2"	0.284553177434632	NA
"FXR2"	"NPM1"	0.284553177434632	NA
"U2AF1"	"SMNDC1"	0.283942301464433	NA
"SMNDC1"	"U2AF1"	0.283942301464433	NA
"RBM22"	"NPM1"	0.28340621706725	NA
"NPM1"	"RBM22"	0.28340621706725	NA
"TRA2A"	"SND1"	0.283166985895407	NA
"SND1"	"TRA2A"	0.283166985895407	NA
"GTF2F1"	"FXR2"	0.282757938067369	NA
"FXR2"	"GTF2F1"	0.282757938067369	NA
"RBM27"	"PTBP1"	0.282688688302004	NA
"PTBP1"	"RBM27"	0.282688688302004	NA
"SMNDC1"	"FXR1"	0.282645820879992	NA
"FXR1"	"SMNDC1"	0.282645820879992	NA
"LSM11"	"EIF4G2"	0.282640565502727	NA
"EIF4G2"	"LSM11"	0.282640565502727	NA
"SND1"	"NPM1"	0.282465139665756	NA
"NPM1"	"SND1"	0.282465139665756	"TRUE"
"PTBP1"	"FXR2"	0.282261144657521	NA
"FXR2"	"PTBP1"	0.282261144657521	NA
"TNRC6A"	"HNRNPUL1"	0.282078253252276	NA
"HNRNPUL1"	"TNRC6A"	0.282078253252276	NA
"TNRC6A"	"DDX42"	0.282022896214246	NA
"DDX42"	"TNRC6A"	0.282022896214246	NA
"GTF2F1"	"FXR1"	0.281793286473043	NA
"FXR1"	"GTF2F1"	0.281793286473043	NA
"TROVE2"	"EIF4G2"	0.281358237598506	NA
"EIF4G2"	"TROVE2"	0.281358237598506	NA
"XRN2"	"TROVE2"	0.281319266823403	NA
"TROVE2"	"XRN2"	0.281319266823403	NA
"LIN28B"	"IGF2BP1"	0.281223753693558	NA
"IGF2BP1"	"LIN28B"	0.281223753693558	NA
"NPM1"	"FAM120A"	0.281159409789213	NA
"FAM120A"	"NPM1"	0.281159409789213	NA
"RBM27"	"CPSF6"	0.280681517106311	NA
"CPSF6"	"RBM27"	0.280681517106311	NA
"TARDBP"	"SMNDC1"	0.280523312709627	NA
"SMNDC1"	"TARDBP"	0.280523312709627	NA
"NONO"	"LSM11"	0.280490170096098	NA
"LSM11"	"NONO"	0.280490170096098	NA
"TAF15"	"ILF3"	0.280457540753743	NA
"ILF3"	"TAF15"	0.280457540753743	NA
"TROVE2"	"DDX3X"	0.280307312124571	NA
"DDX3X"	"TROVE2"	0.280307312124571	NA
"YWHAG"	"AUH"	0.280146787528825	NA
"AUH"	"YWHAG"	0.280146787528825	NA
"IGF2BP1"	"DDX3X"	0.27997306074446	NA
"DDX3X"	"IGF2BP1"	0.27997306074446	NA
"KHDRBS1"	"GTF2F1"	0.27966254791914	NA
"GTF2F1"	"KHDRBS1"	0.27966254791914	NA
"TNRC6A"	"NONO"	0.279470987351405	NA
"NONO"	"TNRC6A"	0.279470987351405	NA
"SMNDC1"	"DGCR8"	0.279470509008348	NA
"DGCR8"	"SMNDC1"	0.279470509008348	NA
"YWHAG"	"DDX3X"	0.279259602656812	NA
"DDX3X"	"YWHAG"	0.279259602656812	NA
"SMNDC1"	"CPSF6"	0.279184261015602	NA
"CPSF6"	"SMNDC1"	0.279184261015602	NA
"SBDS"	"FAM120A"	0.279118751251094	NA
"FAM120A"	"SBDS"	0.279118751251094	NA
"TARDBP"	"DGCR8"	0.279039397902023	NA
"DGCR8"	"TARDBP"	0.279039397902023	NA
"XRN2"	"FXR2"	0.27868676653476	NA
"FXR2"	"XRN2"	0.27868676653476	NA
"RBM27"	"FMR1"	0.27859511407481	NA
"FMR1"	"RBM27"	0.27859511407481	NA
"GNL3"	"DDX42"	0.278408367306343	NA
"DDX42"	"GNL3"	0.278408367306343	NA
"SBDS"	"RBM22"	0.278040767444719	NA
"RBM22"	"SBDS"	0.278040767444719	NA
"YWHAG"	"KHDRBS1"	0.277511019582227	NA
"KHDRBS1"	"YWHAG"	0.277511019582227	NA
"PTBP1"	"FXR1"	0.277434724973766	NA
"FXR1"	"PTBP1"	0.277434724973766	NA
"FXR2"	"DDX42"	0.277179039916435	NA
"DDX42"	"FXR2"	0.277179039916435	NA
"XRN2"	"RBM27"	0.277103662487737	NA
"RBM27"	"XRN2"	0.277103662487737	NA
"YWHAG"	"XRN2"	0.276882449241366	NA
"XRN2"	"YWHAG"	0.276882449241366	NA
"LIN28B"	"GNL3"	0.276875807097141	NA
"GNL3"	"LIN28B"	0.276875807097141	NA
"XRN2"	"PTBP1"	0.276828020175465	NA
"PTBP1"	"XRN2"	0.276828020175465	NA
"SLTM"	"SBDS"	0.276822307265862	NA
"SBDS"	"SLTM"	0.276822307265862	NA
"LSM11"	"FXR1"	0.276674831303428	NA
"FXR1"	"LSM11"	0.276674831303428	NA
"TARDBP"	"FAM120A"	0.276588613654481	"TRUE"
"FAM120A"	"TARDBP"	0.276588613654481	NA
"SMNDC1"	"PTBP1"	0.276527979729323	NA
"PTBP1"	"SMNDC1"	0.276527979729323	NA
"TNRC6A"	"DDX3X"	0.27647313003195	NA
"DDX3X"	"TNRC6A"	0.27647313003195	NA
"SLBP"	"GNL3"	0.276437170951453	NA
"GNL3"	"SLBP"	0.276437170951453	NA
"RBM27"	"ILF3"	0.276360176930389	NA
"ILF3"	"RBM27"	0.276360176930389	NA
"KHDRBS1"	"GNL3"	0.276019834775381	NA
"GNL3"	"KHDRBS1"	0.276019834775381	NA
"RBM27"	"RBM22"	0.276000274822629	NA
"RBM22"	"RBM27"	0.276000274822629	NA
"SLTM"	"HNRNPM"	0.275977318362475	NA
"HNRNPM"	"SLTM"	0.275977318362475	NA
"TNRC6A"	"SMNDC1"	0.275855157532827	NA
"SMNDC1"	"TNRC6A"	0.275855157532827	NA
"DDX42"	"AUH"	0.275851943305728	NA
"AUH"	"DDX42"	0.275851943305728	NA
"DGCR8"	"AUH"	0.275678486326686	NA
"AUH"	"DGCR8"	0.275678486326686	NA
"TAF15"	"GNL3"	0.275654091275906	NA
"GNL3"	"TAF15"	0.275654091275906	NA
"YWHAG"	"LIN28B"	0.27557938137485	NA
"LIN28B"	"YWHAG"	0.27557938137485	NA
"LSM11"	"ILF3"	0.275543974140258	NA
"ILF3"	"LSM11"	0.275543974140258	NA
"RBM22"	"GNL3"	0.275166878092876	NA
"GNL3"	"RBM22"	0.275166878092876	NA
"LARP7"	"GTF2F1"	0.275005527476831	NA
"GTF2F1"	"LARP7"	0.275005527476831	NA
"RBM27"	"CSTF2T"	0.274960883087126	NA
"CSTF2T"	"RBM27"	0.274960883087126	NA
"ILF3"	"FAM120A"	0.27491753091599	NA
"FAM120A"	"ILF3"	0.27491753091599	NA
"SLBP"	"NPM1"	0.274497586416727	NA
"NPM1"	"SLBP"	0.274497586416727	NA
"TRA2A"	"SAFB2"	0.274484177649363	NA
"SAFB2"	"TRA2A"	0.274484177649363	NA
"PTBP1"	"HNRNPUL1"	0.274410113683479	NA
"HNRNPUL1"	"PTBP1"	0.274410113683479	NA
"SMNDC1"	"FXR2"	0.274350344640598	NA
"FXR2"	"SMNDC1"	0.274350344640598	NA
"TAF15"	"NONO"	0.27407847300821	NA
"NONO"	"TAF15"	0.27407847300821	NA
"TAF15"	"EIF4G2"	0.273982168694265	NA
"EIF4G2"	"TAF15"	0.273982168694265	NA
"SMNDC1"	"SLTM"	0.273902181447873	NA
"SLTM"	"SMNDC1"	0.273902181447873	NA
"SBDS"	"FXR2"	0.273756547304448	NA
"FXR2"	"SBDS"	0.273756547304448	NA
"TRA2A"	"FAM120A"	0.273449700492568	NA
"FAM120A"	"TRA2A"	0.273449700492568	NA
"SRSF1"	"DDX3X"	0.273405862275925	NA
"DDX3X"	"SRSF1"	0.273405862275925	NA
"GTF2F1"	"AUH"	0.273307310833953	NA
"AUH"	"GTF2F1"	0.273307310833953	NA
"SND1"	"SBDS"	0.273139743241138	NA
"SBDS"	"SND1"	0.273139743241138	NA
"TNRC6A"	"TAF15"	0.273096878960246	NA
"TAF15"	"TNRC6A"	0.273096878960246	NA
"EIF4G2"	"DDX3X"	0.27279519051796	NA
"DDX3X"	"EIF4G2"	0.27279519051796	NA
"XRN2"	"DGCR8"	0.272308127956993	NA
"DGCR8"	"XRN2"	0.272308127956993	NA
"YWHAG"	"HNRNPA1"	0.272302293375003	NA
"HNRNPA1"	"YWHAG"	0.272302293375003	NA
"TROVE2"	"FXR2"	0.272275881538859	NA
"FXR2"	"TROVE2"	0.272275881538859	NA
"SBDS"	"GTF2F1"	0.272077668560925	NA
"GTF2F1"	"SBDS"	0.272077668560925	NA
"TROVE2"	"FMR1"	0.272024116657666	NA
"FMR1"	"TROVE2"	0.272024116657666	NA
"NPM1"	"HNRNPUL1"	0.271941985778827	NA
"HNRNPUL1"	"NPM1"	0.271941985778827	NA
"YWHAG"	"RBM22"	0.271766517996287	NA
"RBM22"	"YWHAG"	0.271766517996287	NA
"SND1"	"SLTM"	0.271755032915793	NA
"SLTM"	"SND1"	0.271755032915793	NA
"SMNDC1"	"DDX42"	0.27167847194837	NA
"DDX42"	"SMNDC1"	0.27167847194837	NA
"SAFB2"	"EIF4G2"	0.271490308608872	NA
"EIF4G2"	"SAFB2"	0.271490308608872	NA
"SLTM"	"KHDRBS1"	0.271094151782449	NA
"KHDRBS1"	"SLTM"	0.271094151782449	NA
"PTBP1"	"FAM120A"	0.27083422954632	NA
"FAM120A"	"PTBP1"	0.27083422954632	NA
"TNRC6A"	"AUH"	0.27074001766358	NA
"AUH"	"TNRC6A"	0.27074001766358	NA
"TAF15"	"DGCR8"	0.270648368033165	NA
"DGCR8"	"TAF15"	0.270648368033165	NA
"TRA2A"	"GTF2F1"	0.270615192285416	NA
"GTF2F1"	"TRA2A"	0.270615192285416	NA
"FXR2"	"DGCR8"	0.270468158469974	NA
"DGCR8"	"FXR2"	0.270468158469974	NA
"SLTM"	"HNRNPU"	0.270288619246698	NA
"HNRNPU"	"SLTM"	0.270288619246698	NA
"NPM1"	"FMR1"	0.270121093941195	NA
"FMR1"	"NPM1"	0.270121093941195	NA
"FMR1"	"DGCR8"	0.270117396420859	NA
"DGCR8"	"FMR1"	0.270117396420859	NA
"XRN2"	"LSM11"	0.269922990221627	NA
"LSM11"	"XRN2"	0.269922990221627	NA
"RBM22"	"KHDRBS1"	0.269525807887082	NA
"KHDRBS1"	"RBM22"	0.269525807887082	NA
"LSM11"	"HNRNPA1"	0.269380838594031	NA
"HNRNPA1"	"LSM11"	0.269380838594031	NA
"DDX42"	"CSTF2T"	0.269155776744071	NA
"CSTF2T"	"DDX42"	0.269155776744071	NA
"ILF3"	"HNRNPUL1"	0.268723542771539	NA
"HNRNPUL1"	"ILF3"	0.268723542771539	NA
"IGF2BP2"	"GNL3"	0.268692206803083	NA
"GNL3"	"IGF2BP2"	0.268692206803083	NA
"TAF15"	"PTBP1"	0.26835259048772	NA
"PTBP1"	"TAF15"	0.26835259048772	NA
"TARDBP"	"DDX3X"	0.268327458900245	"TRUE"
"DDX3X"	"TARDBP"	0.268327458900245	NA
"TNRC6A"	"LIN28B"	0.268059003629461	NA
"LIN28B"	"TNRC6A"	0.268059003629461	NA
"NONO"	"GNL3"	0.26774363767159	NA
"GNL3"	"NONO"	0.26774363767159	NA
"SMNDC1"	"GNL3"	0.267438945139257	NA
"GNL3"	"SMNDC1"	0.267438945139257	NA
"HNRNPUL1"	"DDX42"	0.267394389423976	NA
"DDX42"	"HNRNPUL1"	0.267394389423976	NA
"NONO"	"EIF4G2"	0.267368570919162	NA
"EIF4G2"	"NONO"	0.267368570919162	NA
"NPM1"	"DDX42"	0.267235923197627	NA
"DDX42"	"NPM1"	0.267235923197627	NA
"HNRNPA1"	"CPSF6"	0.267124147362441	"TRUE"
"CPSF6"	"HNRNPA1"	0.267124147362441	NA
"LIN28B"	"EIF4G2"	0.267037232924522	NA
"EIF4G2"	"LIN28B"	0.267037232924522	NA
"TARDBP"	"KHDRBS1"	0.266738155101563	NA
"KHDRBS1"	"TARDBP"	0.266738155101563	NA
"HNRNPUL1"	"FAM120A"	0.266702257739932	NA
"FAM120A"	"HNRNPUL1"	0.266702257739932	NA
"HNRNPUL1"	"EIF4G2"	0.266697118125166	NA
"EIF4G2"	"HNRNPUL1"	0.266697118125166	NA
"TROVE2"	"PTBP1"	0.266598543965826	NA
"PTBP1"	"TROVE2"	0.266598543965826	NA
"SLBP"	"AUH"	0.266447755259914	NA
"AUH"	"SLBP"	0.266447755259914	NA
"TROVE2"	"NPM1"	0.266443016463442	NA
"NPM1"	"TROVE2"	0.266443016463442	NA
"RBM27"	"LARP7"	0.266252527418405	NA
"LARP7"	"RBM27"	0.266252527418405	NA
"TROVE2"	"HNRNPA1"	0.266112658468115	NA
"HNRNPA1"	"TROVE2"	0.266112658468115	NA
"LARP7"	"HNRNPM"	0.265874575001801	NA
"HNRNPM"	"LARP7"	0.265874575001801	NA
"RBM27"	"DDX42"	0.265612308075743	NA
"DDX42"	"RBM27"	0.265612308075743	NA
"TROVE2"	"IGF2BP2"	0.265611216996107	NA
"IGF2BP2"	"TROVE2"	0.265611216996107	NA
"SRSF1"	"LSM11"	0.265603050042769	NA
"LSM11"	"SRSF1"	0.265603050042769	NA
"ILF3"	"HNRNPU"	0.265462753934109	NA
"HNRNPU"	"ILF3"	0.265462753934109	"TRUE"
"XRN2"	"TRA2A"	0.26480690227876	NA
"TRA2A"	"XRN2"	0.26480690227876	NA
"XRN2"	"TNRC6A"	0.26476827750712	NA
"TNRC6A"	"XRN2"	0.26476827750712	NA
"XRN2"	"SND1"	0.264722552375872	NA
"SND1"	"XRN2"	0.264722552375872	NA
"TAF15"	"RBM27"	0.2647137335393	NA
"RBM27"	"TAF15"	0.2647137335393	NA
"HNRNPA1"	"EIF4G2"	0.264626291598768	NA
"EIF4G2"	"HNRNPA1"	0.264626291598768	NA
"TROVE2"	"CPSF6"	0.26440546865363	NA
"CPSF6"	"TROVE2"	0.26440546865363	NA
"SMNDC1"	"HNRNPUL1"	0.264120118197713	NA
"HNRNPUL1"	"SMNDC1"	0.264120118197713	NA
"LSM11"	"GNL3"	0.264070294173237	NA
"GNL3"	"LSM11"	0.264070294173237	NA
"RBM22"	"GTF2F1"	0.263713330803519	NA
"GTF2F1"	"RBM22"	0.263713330803519	NA
"FMR1"	"DDX42"	0.263555631675897	NA
"DDX42"	"FMR1"	0.263555631675897	NA
"NPM1"	"LSM11"	0.263524905810738	NA
"LSM11"	"NPM1"	0.263524905810738	NA
"TNRC6A"	"SRSF1"	0.263494170660392	NA
"SRSF1"	"TNRC6A"	0.263494170660392	NA
"SBDS"	"FMR1"	0.263364468616317	NA
"FMR1"	"SBDS"	0.263364468616317	NA
"KHDRBS1"	"CPSF6"	0.263248268211204	NA
"CPSF6"	"KHDRBS1"	0.263248268211204	NA
"TARDBP"	"HNRNPUL1"	0.263132002058405	"TRUE"
"HNRNPUL1"	"TARDBP"	0.263132002058405	NA
"TRA2A"	"SMNDC1"	0.262996047929372	NA
"SMNDC1"	"TRA2A"	0.262996047929372	NA
"IGF2BP2"	"DGCR8"	0.262953768863448	NA
"DGCR8"	"IGF2BP2"	0.262953768863448	NA
"TNRC6A"	"RBM22"	0.262788820356048	NA
"RBM22"	"TNRC6A"	0.262788820356048	NA
"IGF2BP1"	"EIF4G2"	0.262643477314312	NA
"EIF4G2"	"IGF2BP1"	0.262643477314312	NA
"YWHAG"	"ILF3"	0.262394590836359	NA
"ILF3"	"YWHAG"	0.262394590836359	NA
"HNRNPUL1"	"GNL3"	0.262347533020762	NA
"GNL3"	"HNRNPUL1"	0.262347533020762	NA
"SRSF1"	"GTF2F1"	0.262294555732871	NA
"GTF2F1"	"SRSF1"	0.262294555732871	NA
"YWHAG"	"IGF2BP1"	0.262263304371931	NA
"IGF2BP1"	"YWHAG"	0.262263304371931	NA
"ILF3"	"HNRNPK"	0.262083020807455	NA
"HNRNPK"	"ILF3"	0.262083020807455	"TRUE"
"SMNDC1"	"NONO"	0.261904565512203	NA
"NONO"	"SMNDC1"	0.261904565512203	NA
"TARDBP"	"LSM11"	0.261854568032266	NA
"LSM11"	"TARDBP"	0.261854568032266	NA
"NONO"	"DDX42"	0.261481459227477	NA
"DDX42"	"NONO"	0.261481459227477	NA
"XRN2"	"FMR1"	0.261360258712042	NA
"FMR1"	"XRN2"	0.261360258712042	NA
"TNRC6A"	"CSTF2T"	0.261172838138548	NA
"CSTF2T"	"TNRC6A"	0.261172838138548	NA
"TROVE2"	"RBM22"	0.261106991135274	NA
"RBM22"	"TROVE2"	0.261106991135274	NA
"IGF2BP2"	"CPSF6"	0.261100282915453	NA
"CPSF6"	"IGF2BP2"	0.261100282915453	NA
"IGF2BP1"	"GNL3"	0.260908584521411	NA
"GNL3"	"IGF2BP1"	0.260908584521411	NA
"RBM22"	"DGCR8"	0.260731413028963	NA
"DGCR8"	"RBM22"	0.260731413028963	NA
"U2AF1"	"DDX42"	0.260715711319206	NA
"DDX42"	"U2AF1"	0.260715711319206	NA
"XRN2"	"NONO"	0.260627172734624	NA
"NONO"	"XRN2"	0.260627172734624	NA
"XRN2"	"HNRNPUL1"	0.260520634323025	NA
"HNRNPUL1"	"XRN2"	0.260520634323025	NA
"HNRNPU"	"FAM120A"	0.260056643698078	"TRUE"
"FAM120A"	"HNRNPU"	0.260056643698078	NA
"SMNDC1"	"NPM1"	0.260048056043069	NA
"NPM1"	"SMNDC1"	0.260048056043069	NA
"TAF15"	"FAM120A"	0.259883962189372	NA
"FAM120A"	"TAF15"	0.259883962189372	NA
"GTF2F1"	"FMR1"	0.259742679094467	NA
"FMR1"	"GTF2F1"	0.259742679094467	NA
"SBDS"	"NONO"	0.259397893287519	NA
"NONO"	"SBDS"	0.259397893287519	NA
"SLTM"	"IGF2BP2"	0.259352404487366	NA
"IGF2BP2"	"SLTM"	0.259352404487366	NA
"FXR2"	"AUH"	0.259273427061979	NA
"AUH"	"FXR2"	0.259273427061979	NA
"SLTM"	"ILF3"	0.258905404388038	NA
"ILF3"	"SLTM"	0.258905404388038	NA
"IGF2BP2"	"GTF2F1"	0.258733508008455	NA
"GTF2F1"	"IGF2BP2"	0.258733508008455	NA
"NONO"	"FAM120A"	0.25866749597799	NA
"FAM120A"	"NONO"	0.25866749597799	NA
"SMNDC1"	"DDX3X"	0.25857507347687	NA
"DDX3X"	"SMNDC1"	0.25857507347687	NA
"XRN2"	"LARP7"	0.258399833071151	NA
"LARP7"	"XRN2"	0.258399833071151	NA
"LSM11"	"DDX42"	0.258335229707645	NA
"DDX42"	"LSM11"	0.258335229707645	NA
"RBM27"	"KHDRBS1"	0.258133422392241	NA
"KHDRBS1"	"RBM27"	0.258133422392241	NA
"SRSF1"	"PRPF8"	0.258096007488574	NA
"PRPF8"	"SRSF1"	0.258096007488574	NA
"SBDS"	"ILF3"	0.257859244318542	NA
"ILF3"	"SBDS"	0.257859244318542	NA
"SAFB2"	"FAM120A"	0.257721357188376	NA
"FAM120A"	"SAFB2"	0.257721357188376	NA
"SMNDC1"	"FMR1"	0.257684210584304	NA
"FMR1"	"SMNDC1"	0.257684210584304	NA
"HNRNPM"	"CSTF2T"	0.257476897310831	NA
"CSTF2T"	"HNRNPM"	0.257476897310831	NA
"RBM27"	"IGF2BP1"	0.257189948007913	NA
"IGF2BP1"	"RBM27"	0.257189948007913	NA
"NONO"	"ILF3"	0.25690609302827	NA
"ILF3"	"NONO"	0.25690609302827	NA
"NONO"	"HNRNPU"	0.256878199215223	NA
"HNRNPU"	"NONO"	0.256878199215223	"TRUE"
"KHDRBS1"	"FAM120A"	0.25668163287085	NA
"FAM120A"	"KHDRBS1"	0.25668163287085	NA
"TROVE2"	"TARDBP"	0.256567953774454	NA
"TARDBP"	"TROVE2"	0.256567953774454	NA
"TRA2A"	"DGCR8"	0.256529866180474	NA
"DGCR8"	"TRA2A"	0.256529866180474	NA
"SBDS"	"FXR1"	0.256237693360692	NA
"FXR1"	"SBDS"	0.256237693360692	NA
"XRN2"	"TARDBP"	0.256047065886523	"TRUE"
"TARDBP"	"XRN2"	0.256047065886523	"TRUE"
"TARDBP"	"SBDS"	0.25582000221257	NA
"SBDS"	"TARDBP"	0.25582000221257	NA
"TRA2A"	"LSM11"	0.255747348024919	NA
"LSM11"	"TRA2A"	0.255747348024919	NA
"NONO"	"HNRNPA1"	0.255570478505225	NA
"HNRNPA1"	"NONO"	0.255570478505225	"TRUE"
"DDX3X"	"CPSF6"	0.255570367186632	NA
"CPSF6"	"DDX3X"	0.255570367186632	NA
"XRN2"	"FAM120A"	0.255462474687174	NA
"FAM120A"	"XRN2"	0.255462474687174	NA
"TROVE2"	"HNRNPU"	0.25519722923282	NA
"HNRNPU"	"TROVE2"	0.25519722923282	NA
"SMNDC1"	"FAM120A"	0.255182404375256	NA
"FAM120A"	"SMNDC1"	0.255182404375256	NA
"HNRNPA1"	"DDX42"	0.255024716708502	NA
"DDX42"	"HNRNPA1"	0.255024716708502	NA
"YWHAG"	"SLBP"	0.254928977877836	NA
"SLBP"	"YWHAG"	0.254928977877836	NA
"FMR1"	"AUH"	0.254797741940875	NA
"AUH"	"FMR1"	0.254797741940875	NA
"TROVE2"	"LIN28B"	0.254613194339938	NA
"LIN28B"	"TROVE2"	0.254613194339938	NA
"TRA2A"	"IGF2BP1"	0.254480364652244	NA
"IGF2BP1"	"TRA2A"	0.254480364652244	NA
"GTF2F1"	"DDX3X"	0.254219914330981	NA
"DDX3X"	"GTF2F1"	0.254219914330981	NA
"SND1"	"NONO"	0.254089263282376	NA
"NONO"	"SND1"	0.254089263282376	NA
"NPM1"	"LIN28B"	0.254060841029026	NA
"LIN28B"	"NPM1"	0.254060841029026	NA
"PTBP1"	"CSTF2T"	0.25396153566945	NA
"CSTF2T"	"PTBP1"	0.25396153566945	NA
"PTBP1"	"FMR1"	0.253953268536941	NA
"FMR1"	"PTBP1"	0.253953268536941	NA
"TAF15"	"SND1"	0.253464743527926	NA
"SND1"	"TAF15"	0.253464743527926	NA
"GNL3"	"AUH"	0.253433698224019	NA
"AUH"	"GNL3"	0.253433698224019	NA
"RBM27"	"AUH"	0.253362772708666	NA
"AUH"	"RBM27"	0.253362772708666	NA
"DGCR8"	"DDX3X"	0.253185427761746	NA
"DDX3X"	"DGCR8"	0.253185427761746	NA
"HNRNPU"	"DDX42"	0.252482524114434	NA
"DDX42"	"HNRNPU"	0.252482524114434	NA
"SAFB2"	"PTBP1"	0.252398581339308	NA
"PTBP1"	"SAFB2"	0.252398581339308	NA
"HNRNPM"	"DGCR8"	0.252380688425942	NA
"DGCR8"	"HNRNPM"	0.252380688425942	NA
"SMNDC1"	"RBM27"	0.252303131615899	NA
"RBM27"	"SMNDC1"	0.252303131615899	NA
"FAM120A"	"DDX42"	0.25222941238103	NA
"DDX42"	"FAM120A"	0.25222941238103	NA
"NPM1"	"HNRNPA1"	0.252048232852083	NA
"HNRNPA1"	"NPM1"	0.252048232852083	NA
"TRA2A"	"LARP7"	0.251677313847782	"TRUE"
"LARP7"	"TRA2A"	0.251677313847782	NA
"TARDBP"	"CSTF2T"	0.251472584934187	NA
"CSTF2T"	"TARDBP"	0.251472584934187	NA
"SND1"	"HNRNPUL1"	0.251466193111418	NA
"HNRNPUL1"	"SND1"	0.251466193111418	NA
"HNRNPU"	"DGCR8"	0.251452458435451	NA
"DGCR8"	"HNRNPU"	0.251452458435451	"TRUE"
"PTBP1"	"DDX42"	0.251298654145729	NA
"DDX42"	"PTBP1"	0.251298654145729	NA
"NPM1"	"AUH"	0.251202490495038	NA
"AUH"	"NPM1"	0.251202490495038	NA
"SND1"	"DDX42"	0.2511801092682	NA
"DDX42"	"SND1"	0.2511801092682	NA
"LARP7"	"DGCR8"	0.25073033292139	NA
"DGCR8"	"LARP7"	0.25073033292139	NA
"XRN2"	"HNRNPM"	0.250716194087831	NA
"HNRNPM"	"XRN2"	0.250716194087831	NA
"SMNDC1"	"IGF2BP2"	0.250698920344757	NA
"IGF2BP2"	"SMNDC1"	0.250698920344757	NA
"SRSF1"	"IGF2BP2"	0.250361816492162	NA
"IGF2BP2"	"SRSF1"	0.250361816492162	NA
"IGF2BP1"	"CPSF6"	0.250059324375982	NA
"CPSF6"	"IGF2BP1"	0.250059324375982	NA
"HNRNPM"	"EIF4G2"	0.249895654079073	NA
"EIF4G2"	"HNRNPM"	0.249895654079073	NA
"SMNDC1"	"CSTF2T"	0.249837730966491	NA
"CSTF2T"	"SMNDC1"	0.249837730966491	NA
"U2AF2"	"SMNDC1"	0.249772299790236	NA
"SMNDC1"	"U2AF2"	0.249772299790236	NA
"SAFB2"	"ILF3"	0.249599226844381	NA
"ILF3"	"SAFB2"	0.249599226844381	NA
"SRSF1"	"DDX42"	0.249363517027603	NA
"DDX42"	"SRSF1"	0.249363517027603	NA
"YWHAG"	"HNRNPU"	0.249001405797962	NA
"HNRNPU"	"YWHAG"	0.249001405797962	NA
"SND1"	"ILF3"	0.248610574159784	NA
"ILF3"	"SND1"	0.248610574159784	NA
"XRN2"	"HNRNPU"	0.248514761236899	NA
"HNRNPU"	"XRN2"	0.248514761236899	"TRUE"
"HNRNPM"	"FMR1"	0.248339161326752	NA
"FMR1"	"HNRNPM"	0.248339161326752	NA
"SND1"	"CSTF2T"	0.248263754592898	NA
"CSTF2T"	"SND1"	0.248263754592898	NA
"NPM1"	"NONO"	0.248242225673666	NA
"NONO"	"NPM1"	0.248242225673666	NA
"SRSF1"	"GNL3"	0.248183226756033	NA
"GNL3"	"SRSF1"	0.248183226756033	NA
"HNRNPM"	"AUH"	0.248146928421198	NA
"AUH"	"HNRNPM"	0.248146928421198	NA
"HNRNPM"	"DDX42"	0.248093112046227	NA
"DDX42"	"HNRNPM"	0.248093112046227	NA
"HNRNPA1"	"DGCR8"	0.247981933076715	NA
"DGCR8"	"HNRNPA1"	0.247981933076715	NA
"TRA2A"	"DDX42"	0.247819674637565	NA
"DDX42"	"TRA2A"	0.247819674637565	NA
"TRA2A"	"RBM27"	0.247775852583335	NA
"RBM27"	"TRA2A"	0.247775852583335	NA
"XRN2"	"PRPF8"	0.247728994077825	NA
"PRPF8"	"XRN2"	0.247728994077825	NA
"SMNDC1"	"PRPF8"	0.247328720284562	NA
"PRPF8"	"SMNDC1"	0.247328720284562	NA
"LSM11"	"IGF2BP2"	0.247272348298992	NA
"IGF2BP2"	"LSM11"	0.247272348298992	NA
"PTBP1"	"LARP7"	0.246999429614305	NA
"LARP7"	"PTBP1"	0.246999429614305	NA
"XRN2"	"AUH"	0.246921610114387	NA
"AUH"	"XRN2"	0.246921610114387	NA
"XRN2"	"HNRNPA1"	0.24678983013042	NA
"HNRNPA1"	"XRN2"	0.24678983013042	"TRUE"
"XRN2"	"IGF2BP2"	0.24633731085464	NA
"IGF2BP2"	"XRN2"	0.24633731085464	NA
"RBM27"	"HNRNPU"	0.246176998940408	NA
"HNRNPU"	"RBM27"	0.246176998940408	NA
"SMNDC1"	"LIN28B"	0.245955703149084	NA
"LIN28B"	"SMNDC1"	0.245955703149084	NA
"TROVE2"	"LARP7"	0.245561701764902	NA
"LARP7"	"TROVE2"	0.245561701764902	NA
"NPM1"	"DDX3X"	0.24536573038256	"TRUE"
"DDX3X"	"NPM1"	0.24536573038256	NA
"TNRC6A"	"KHDRBS1"	0.245361464905793	NA
"KHDRBS1"	"TNRC6A"	0.245361464905793	NA
"SAFB2"	"GNL3"	0.245351162521876	NA
"GNL3"	"SAFB2"	0.245351162521876	NA
"XRN2"	"TAF15"	0.245346131334634	NA
"TAF15"	"XRN2"	0.245346131334634	NA
"TRA2A"	"TAF15"	0.245343870018468	NA
"TAF15"	"TRA2A"	0.245343870018468	NA
"KHDRBS1"	"CSTF2T"	0.245242298407011	NA
"CSTF2T"	"KHDRBS1"	0.245242298407011	NA
"SBDS"	"DDX42"	0.245223193643841	NA
"DDX42"	"SBDS"	0.245223193643841	NA
"TROVE2"	"AUH"	0.244979505649147	NA
"AUH"	"TROVE2"	0.244979505649147	NA
"PTBP1"	"DDX3X"	0.244814227314313	NA
"DDX3X"	"PTBP1"	0.244814227314313	NA
"TROVE2"	"HNRNPM"	0.244570318406257	NA
"HNRNPM"	"TROVE2"	0.244570318406257	NA
"TAF15"	"SMNDC1"	0.244500954085924	NA
"SMNDC1"	"TAF15"	0.244500954085924	NA
"TNRC6A"	"SAFB2"	0.24450003839765	NA
"SAFB2"	"TNRC6A"	0.24450003839765	NA
"YWHAG"	"HNRNPM"	0.244145885923797	NA
"HNRNPM"	"YWHAG"	0.244145885923797	NA
"TAF15"	"FXR1"	0.244059973951522	NA
"FXR1"	"TAF15"	0.244059973951522	NA
"ILF3"	"DDX42"	0.243317329244425	NA
"DDX42"	"ILF3"	0.243317329244425	NA
"SBDS"	"HNRNPUL1"	0.243065994700086	NA
"HNRNPUL1"	"SBDS"	0.243065994700086	NA
"TNRC6A"	"ILF3"	0.24303673379653	NA
"ILF3"	"TNRC6A"	0.24303673379653	NA
"SAFB2"	"LSM11"	0.242997125641941	NA
"LSM11"	"SAFB2"	0.242997125641941	NA
"TAF15"	"SRSF1"	0.242632448017757	NA
"SRSF1"	"TAF15"	0.242632448017757	NA
"HNRNPA1"	"FAM120A"	0.242617723105552	"TRUE"
"FAM120A"	"HNRNPA1"	0.242617723105552	NA
"SND1"	"KHDRBS1"	0.242425000110148	NA
"KHDRBS1"	"SND1"	0.242425000110148	NA
"SLTM"	"RBM22"	0.24227371134325	NA
"RBM22"	"SLTM"	0.24227371134325	NA
"U2AF1"	"SRSF1"	0.241934481651694	NA
"SRSF1"	"U2AF1"	0.241934481651694	"TRUE"
"RBM22"	"AUH"	0.24192956605673	NA
"AUH"	"RBM22"	0.24192956605673	NA
"SBDS"	"LSM11"	0.241899497093736	NA
"LSM11"	"SBDS"	0.241899497093736	NA
"LSM11"	"HNRNPU"	0.241706759292856	NA
"HNRNPU"	"LSM11"	0.241706759292856	NA
"TROVE2"	"SRSF1"	0.241537117919503	NA
"SRSF1"	"TROVE2"	0.241537117919503	NA
"HNRNPU"	"CPSF6"	0.241277120498277	NA
"CPSF6"	"HNRNPU"	0.241277120498277	NA
"LSM11"	"FXR2"	0.241173633905502	NA
"FXR2"	"LSM11"	0.241173633905502	NA
"XRN2"	"GNL3"	0.240845103767176	NA
"GNL3"	"XRN2"	0.240845103767176	NA
"TARDBP"	"IGF2BP1"	0.240690529411186	NA
"IGF2BP1"	"TARDBP"	0.240690529411186	NA
"TNRC6A"	"HNRNPA1"	0.240571701655989	NA
"HNRNPA1"	"TNRC6A"	0.240571701655989	NA
"SLTM"	"LIN28B"	0.24055058822763	NA
"LIN28B"	"SLTM"	0.24055058822763	NA
"TROVE2"	"IGF2BP1"	0.240440065610196	NA
"IGF2BP1"	"TROVE2"	0.240440065610196	NA
"TARDBP"	"DDX42"	0.240315345721359	NA
"DDX42"	"TARDBP"	0.240315345721359	NA
"LSM11"	"LIN28B"	0.240299700443497	NA
"LIN28B"	"LSM11"	0.240299700443497	NA
"NONO"	"LARP7"	0.240265562554854	NA
"LARP7"	"NONO"	0.240265562554854	NA
"TROVE2"	"TRA2A"	0.240239066819318	NA
"TRA2A"	"TROVE2"	0.240239066819318	NA
"SBDS"	"HNRNPM"	0.24005005870958	NA
"HNRNPM"	"SBDS"	0.24005005870958	NA
"SRSF1"	"CSTF2T"	0.239975390490304	NA
"CSTF2T"	"SRSF1"	0.239975390490304	NA
"SLBP"	"RBM22"	0.239885688513047	NA
"RBM22"	"SLBP"	0.239885688513047	NA
"IGF2BP2"	"DDX42"	0.239713796243877	NA
"DDX42"	"IGF2BP2"	0.239713796243877	NA
"LARP7"	"CPSF6"	0.239472577266026	NA
"CPSF6"	"LARP7"	0.239472577266026	NA
"RBM22"	"LARP7"	0.239161852102124	NA
"LARP7"	"RBM22"	0.239161852102124	NA
"RBM27"	"HNRNPM"	0.238876683371099	NA
"HNRNPM"	"RBM27"	0.238876683371099	NA
"SRSF1"	"FAM120A"	0.238726402705556	NA
"FAM120A"	"SRSF1"	0.238726402705556	NA
"PTBP1"	"IGF2BP2"	0.238640937393811	NA
"IGF2BP2"	"PTBP1"	0.238640937393811	NA
"RBM22"	"LSM11"	0.238496178466608	NA
"LSM11"	"RBM22"	0.238496178466608	NA
"TRA2A"	"HNRNPUL1"	0.23832869027678	NA
"HNRNPUL1"	"TRA2A"	0.23832869027678	NA
"SAFB2"	"DDX42"	0.237756786439741	NA
"DDX42"	"SAFB2"	0.237756786439741	NA
"SRSF1"	"NPM1"	0.237739047727676	"TRUE"
"NPM1"	"SRSF1"	0.237739047727676	NA
"LSM11"	"FMR1"	0.237649292339727	NA
"FMR1"	"LSM11"	0.237649292339727	NA
"TAF15"	"DDX42"	0.237537942451585	NA
"DDX42"	"TAF15"	0.237537942451585	NA
"NONO"	"KHDRBS1"	0.237179246341799	NA
"KHDRBS1"	"NONO"	0.237179246341799	NA
"ILF3"	"HNRNPA1"	0.236765711334293	NA
"HNRNPA1"	"ILF3"	0.236765711334293	"TRUE"
"RBM27"	"DDX3X"	0.23660252395996	NA
"DDX3X"	"RBM27"	0.23660252395996	NA
"PTBP1"	"NONO"	0.236307424386219	NA
"NONO"	"PTBP1"	0.236307424386219	"TRUE"
"LARP7"	"FAM120A"	0.235666128632925	NA
"FAM120A"	"LARP7"	0.235666128632925	NA
"SBDS"	"IGF2BP2"	0.235561188445953	NA
"IGF2BP2"	"SBDS"	0.235561188445953	NA
"SLBP"	"GTF2F1"	0.235474233062025	NA
"GTF2F1"	"SLBP"	0.235474233062025	NA
"NONO"	"CPSF6"	0.235285849713156	NA
"CPSF6"	"NONO"	0.235285849713156	"TRUE"
"IGF2BP1"	"DGCR8"	0.235188662687391	NA
"DGCR8"	"IGF2BP1"	0.235188662687391	NA
"TRA2A"	"DDX3X"	0.235149292887142	NA
"DDX3X"	"TRA2A"	0.235149292887142	NA
"HNRNPA1"	"GNL3"	0.234926101325393	NA
"GNL3"	"HNRNPA1"	0.234926101325393	NA
"SND1"	"RBM22"	0.234664756567495	NA
"RBM22"	"SND1"	0.234664756567495	NA
"SRSF1"	"DGCR8"	0.234286498882645	NA
"DGCR8"	"SRSF1"	0.234286498882645	NA
"TROVE2"	"SAFB2"	0.234105825197787	NA
"SAFB2"	"TROVE2"	0.234105825197787	NA
"RBM22"	"ILF3"	0.234009142152064	NA
"ILF3"	"RBM22"	0.234009142152064	NA
"RBM22"	"FAM120A"	0.233967130265521	NA
"FAM120A"	"RBM22"	0.233967130265521	NA
"SBDS"	"IGF2BP1"	0.233965465741177	NA
"IGF2BP1"	"SBDS"	0.233965465741177	NA
"PTBP1"	"ILF3"	0.233691075955746	NA
"ILF3"	"PTBP1"	0.233691075955746	NA
"LIN28B"	"GTF2F1"	0.233520741031373	NA
"GTF2F1"	"LIN28B"	0.233520741031373	NA
"SAFB2"	"DGCR8"	0.233105734684696	NA
"DGCR8"	"SAFB2"	0.233105734684696	NA
"TARDBP"	"IGF2BP2"	0.232967801711132	"TRUE"
"IGF2BP2"	"TARDBP"	0.232967801711132	NA
"FAM120A"	"DDX3X"	0.232704331132905	NA
"DDX3X"	"FAM120A"	0.232704331132905	NA
"TRA2A"	"CSTF2T"	0.232519813352379	NA
"CSTF2T"	"TRA2A"	0.232519813352379	NA
"SLBP"	"EIF4G2"	0.232438038258398	NA
"EIF4G2"	"SLBP"	0.232438038258398	NA
"KHDRBS1"	"DGCR8"	0.232239095494832	NA
"DGCR8"	"KHDRBS1"	0.232239095494832	NA
"SAFB2"	"RBM27"	0.231984124999541	NA
"RBM27"	"SAFB2"	0.231984124999541	NA
"RBM22"	"PTBP1"	0.231908791742312	NA
"PTBP1"	"RBM22"	0.231908791742312	NA
"TRA2A"	"SBDS"	0.231801720914079	NA
"SBDS"	"TRA2A"	0.231801720914079	NA
"LSM11"	"IGF2BP1"	0.231377951985417	NA
"IGF2BP1"	"LSM11"	0.231377951985417	NA
"SBDS"	"PTBP1"	0.231358466688595	NA
"PTBP1"	"SBDS"	0.231358466688595	NA
"RBM27"	"HNRNPA1"	0.231217409333854	NA
"HNRNPA1"	"RBM27"	0.231217409333854	NA
"SRSF1"	"RBM27"	0.231118657952103	NA
"RBM27"	"SRSF1"	0.231118657952103	NA
"RBM22"	"NONO"	0.231041015636878	NA
"NONO"	"RBM22"	0.231041015636878	NA
"SLTM"	"SLBP"	0.230988980250537	NA
"SLBP"	"SLTM"	0.230988980250537	NA
"TNRC6A"	"HNRNPU"	0.229886050384145	NA
"HNRNPU"	"TNRC6A"	0.229886050384145	NA
"TARDBP"	"HNRNPA1"	0.229864844051659	"TRUE"
"HNRNPA1"	"TARDBP"	0.229864844051659	"TRUE"
"FXR1"	"DDX42"	0.229752681595236	NA
"DDX42"	"FXR1"	0.229752681595236	NA
"HNRNPM"	"FXR2"	0.229628154028694	NA
"FXR2"	"HNRNPM"	0.229628154028694	NA
"SLTM"	"DDX3X"	0.229621506566016	NA
"DDX3X"	"SLTM"	0.229621506566016	NA
"LARP7"	"FXR1"	0.229227693839904	NA
"FXR1"	"LARP7"	0.229227693839904	NA
"SND1"	"LARP7"	0.229198161246976	NA
"LARP7"	"SND1"	0.229198161246976	NA
"ILF3"	"GNL3"	0.229015272272354	NA
"GNL3"	"ILF3"	0.229015272272354	NA
"HNRNPM"	"GNL3"	0.228348043301318	NA
"GNL3"	"HNRNPM"	0.228348043301318	NA
"GNL3"	"CSTF2T"	0.22813808234925	NA
"CSTF2T"	"GNL3"	0.22813808234925	NA
"NPM1"	"CSTF2T"	0.22813433069771	NA
"CSTF2T"	"NPM1"	0.22813433069771	NA
"NONO"	"AUH"	0.227771417959233	NA
"AUH"	"NONO"	0.227771417959233	NA
"HNRNPUL1"	"FXR1"	0.227643092011568	NA
"FXR1"	"HNRNPUL1"	0.227643092011568	NA
"RBM22"	"HNRNPU"	0.226625027067278	NA
"HNRNPU"	"RBM22"	0.226625027067278	NA
"NPM1"	"ILF3"	0.226607400020437	NA
"ILF3"	"NPM1"	0.226607400020437	NA
"HNRNPU"	"EIF4G2"	0.226212440600605	NA
"EIF4G2"	"HNRNPU"	0.226212440600605	NA
"RBM22"	"EIF4G2"	0.226206435455667	NA
"EIF4G2"	"RBM22"	0.226206435455667	NA
"XRN2"	"NPM1"	0.226128764755468	NA
"NPM1"	"XRN2"	0.226128764755468	NA
"SND1"	"AUH"	0.226125201077571	NA
"AUH"	"SND1"	0.226125201077571	NA
"U2AF1"	"FXR2"	0.225656404357124	NA
"FXR2"	"U2AF1"	0.225656404357124	NA
"HNRNPUL1"	"HNRNPM"	0.225267745228831	NA
"HNRNPM"	"HNRNPUL1"	0.225267745228831	NA
"TARDBP"	"RBM22"	0.225261962766409	NA
"RBM22"	"TARDBP"	0.225261962766409	NA
"KHDRBS1"	"EIF4G2"	0.225213743885684	NA
"EIF4G2"	"KHDRBS1"	0.225213743885684	NA
"RBM22"	"HNRNPA1"	0.224509770681423	NA
"HNRNPA1"	"RBM22"	0.224509770681423	NA
"FXR1"	"AUH"	0.224209822403038	NA
"AUH"	"FXR1"	0.224209822403038	NA
"IGF2BP2"	"AUH"	0.224093567010829	NA
"AUH"	"IGF2BP2"	0.224093567010829	NA
"NPM1"	"HNRNPU"	0.224036422298959	"TRUE"
"HNRNPU"	"NPM1"	0.224036422298959	"TRUE"
"TNRC6A"	"SLBP"	0.223886558254609	NA
"SLBP"	"TNRC6A"	0.223886558254609	NA
"SND1"	"HNRNPA1"	0.223406108518489	NA
"HNRNPA1"	"SND1"	0.223406108518489	NA
"SBDS"	"CPSF6"	0.223207276690263	NA
"CPSF6"	"SBDS"	0.223207276690263	NA
"RBM22"	"CPSF6"	0.223063734890416	NA
"CPSF6"	"RBM22"	0.223063734890416	NA
"TAF15"	"RBM22"	0.222906705002371	NA
"RBM22"	"TAF15"	0.222906705002371	NA
"XRN2"	"FXR1"	0.222894653476268	NA
"FXR1"	"XRN2"	0.222894653476268	NA
"TRA2A"	"HNRNPA1"	0.222665063545716	NA
"HNRNPA1"	"TRA2A"	0.222665063545716	NA
"PTBP1"	"KHDRBS1"	0.222549897588912	NA
"KHDRBS1"	"PTBP1"	0.222549897588912	NA
"NPM1"	"IGF2BP2"	0.222502605942426	NA
"IGF2BP2"	"NPM1"	0.222502605942426	NA
"HNRNPK"	"DGCR8"	0.221898206427355	NA
"DGCR8"	"HNRNPK"	0.221898206427355	NA
"ILF3"	"EIF4G2"	0.221877140190184	NA
"EIF4G2"	"ILF3"	0.221877140190184	NA
"FAM120A"	"AUH"	0.221830066778065	NA
"AUH"	"FAM120A"	0.221830066778065	NA
"HNRNPK"	"CSTF2T"	0.221734752500353	NA
"CSTF2T"	"HNRNPK"	0.221734752500353	NA
"XRN2"	"ILF3"	0.22162514690453	NA
"ILF3"	"XRN2"	0.22162514690453	NA
"LARP7"	"HNRNPUL1"	0.221594898098872	NA
"HNRNPUL1"	"LARP7"	0.221594898098872	NA
"SLBP"	"DGCR8"	0.221216215425138	NA
"DGCR8"	"SLBP"	0.221216215425138	NA
"KHDRBS1"	"DDX42"	0.221073212105245	NA
"DDX42"	"KHDRBS1"	0.221073212105245	NA
"CSTF2T"	"AUH"	0.221029642889345	NA
"AUH"	"CSTF2T"	0.221029642889345	NA
"XRN2"	"SAFB2"	0.22100824720567	NA
"SAFB2"	"XRN2"	0.22100824720567	NA
"SLBP"	"RBM27"	0.220967321035481	NA
"RBM27"	"SLBP"	0.220967321035481	NA
"NPM1"	"IGF2BP1"	0.220752441593083	NA
"IGF2BP1"	"NPM1"	0.220752441593083	NA
"LARP7"	"CSTF2T"	0.22074131463698	NA
"CSTF2T"	"LARP7"	0.22074131463698	NA
"PTBP1"	"LIN28B"	0.22067608023624	NA
"LIN28B"	"PTBP1"	0.22067608023624	NA
"RBM22"	"CSTF2T"	0.220569803216685	NA
"CSTF2T"	"RBM22"	0.220569803216685	NA
"PTBP1"	"IGF2BP1"	0.220369781135739	NA
"IGF2BP1"	"PTBP1"	0.220369781135739	NA
"TNRC6A"	"HNRNPM"	0.220206294025241	NA
"HNRNPM"	"TNRC6A"	0.220206294025241	NA
"RBM27"	"HNRNPK"	0.219476046344946	NA
"HNRNPK"	"RBM27"	0.219476046344946	NA
"TAF15"	"DDX3X"	0.219376955085149	NA
"DDX3X"	"TAF15"	0.219376955085149	NA
"IGF2BP1"	"GTF2F1"	0.219186531283977	NA
"GTF2F1"	"IGF2BP1"	0.219186531283977	NA
"SBDS"	"KHDRBS1"	0.218937298331314	NA
"KHDRBS1"	"SBDS"	0.218937298331314	NA
"SBDS"	"HNRNPU"	0.218665289562249	NA
"HNRNPU"	"SBDS"	0.218665289562249	NA
"SRSF1"	"SAFB2"	0.21865624498922	NA
"SAFB2"	"SRSF1"	0.21865624498922	NA
"SND1"	"PRPF8"	0.218270665727877	"TRUE"
"PRPF8"	"SND1"	0.218270665727877	NA
"TARDBP"	"NONO"	0.218224658718456	NA
"NONO"	"TARDBP"	0.218224658718456	NA
"PTBP1"	"HNRNPA1"	0.217700139810679	"TRUE"
"HNRNPA1"	"PTBP1"	0.217700139810679	"TRUE"
"SLBP"	"DDX42"	0.217663402119546	NA
"DDX42"	"SLBP"	0.217663402119546	NA
"SBDS"	"DDX3X"	0.217303264308774	NA
"DDX3X"	"SBDS"	0.217303264308774	NA
"LSM11"	"AUH"	0.216933070455902	NA
"AUH"	"LSM11"	0.216933070455902	NA
"ILF3"	"CPSF6"	0.216756988351345	NA
"CPSF6"	"ILF3"	0.216756988351345	NA
"U2AF1"	"FMR1"	0.216462628425831	NA
"FMR1"	"U2AF1"	0.216462628425831	NA
"HNRNPK"	"AUH"	0.215832172722981	NA
"AUH"	"HNRNPK"	0.215832172722981	NA
"HNRNPM"	"FAM120A"	0.215628263193778	NA
"FAM120A"	"HNRNPM"	0.215628263193778	NA
"XRN2"	"U2AF2"	0.215496884406344	NA
"U2AF2"	"XRN2"	0.215496884406344	NA
"SBDS"	"CSTF2T"	0.215492655064296	NA
"CSTF2T"	"SBDS"	0.215492655064296	NA
"FXR1"	"CSTF2T"	0.215421688049324	NA
"CSTF2T"	"FXR1"	0.215421688049324	NA
"SBDS"	"LIN28B"	0.215339866476511	NA
"LIN28B"	"SBDS"	0.215339866476511	NA
"HNRNPUL1"	"AUH"	0.215254949130273	NA
"AUH"	"HNRNPUL1"	0.215254949130273	NA
"LARP7"	"IGF2BP2"	0.214808956094432	NA
"IGF2BP2"	"LARP7"	0.214808956094432	NA
"U2AF1"	"TRA2A"	0.214672752075521	NA
"TRA2A"	"U2AF1"	0.214672752075521	NA
"TARDBP"	"HNRNPU"	0.214462916658423	"TRUE"
"HNRNPU"	"TARDBP"	0.214462916658423	NA
"LIN28B"	"DGCR8"	0.214291766819534	NA
"DGCR8"	"LIN28B"	0.214291766819534	NA
"LSM11"	"HNRNPM"	0.213912724657406	NA
"HNRNPM"	"LSM11"	0.213912724657406	NA
"LARP7"	"ILF3"	0.213877529327297	NA
"ILF3"	"LARP7"	0.213877529327297	NA
"U2AF1"	"EIF4G2"	0.213689539715216	NA
"EIF4G2"	"U2AF1"	0.213689539715216	NA
"SRSF1"	"HNRNPM"	0.213638577436375	NA
"HNRNPM"	"SRSF1"	0.213638577436375	"TRUE"
"RBM22"	"DDX42"	0.213589917183776	NA
"DDX42"	"RBM22"	0.213589917183776	NA
"HNRNPM"	"HNRNPA1"	0.213476094331019	"TRUE"
"HNRNPA1"	"HNRNPM"	0.213476094331019	"TRUE"
"SAFB2"	"FXR1"	0.213131751600511	NA
"FXR1"	"SAFB2"	0.213131751600511	NA
"TAF15"	"LIN28B"	0.212804529654731	NA
"LIN28B"	"TAF15"	0.212804529654731	NA
"SRSF1"	"LARP7"	0.212580594960967	NA
"LARP7"	"SRSF1"	0.212580594960967	NA
"TARDBP"	"SLBP"	0.212542470271314	NA
"SLBP"	"TARDBP"	0.212542470271314	NA
"SMNDC1"	"IGF2BP1"	0.212510201394445	NA
"IGF2BP1"	"SMNDC1"	0.212510201394445	NA
"U2AF2"	"SRSF1"	0.212147064666425	NA
"SRSF1"	"U2AF2"	0.212147064666425	"TRUE"
"XRN2"	"RBM22"	0.212086169151825	NA
"RBM22"	"XRN2"	0.212086169151825	NA
"KHDRBS1"	"FXR1"	0.212049964086737	NA
"FXR1"	"KHDRBS1"	0.212049964086737	NA
"TRA2A"	"AUH"	0.211428813877665	NA
"AUH"	"TRA2A"	0.211428813877665	NA
"TROVE2"	"HNRNPK"	0.210955760293235	NA
"HNRNPK"	"TROVE2"	0.210955760293235	NA
"HNRNPA1"	"FXR1"	0.210907982587861	NA
"FXR1"	"HNRNPA1"	0.210907982587861	NA
"SND1"	"HNRNPU"	0.210572768505291	"TRUE"
"HNRNPU"	"SND1"	0.210572768505291	"TRUE"
"TARDBP"	"LARP7"	0.210009697981118	NA
"LARP7"	"TARDBP"	0.210009697981118	NA
"TAF15"	"HNRNPM"	0.209952267935271	NA
"HNRNPM"	"TAF15"	0.209952267935271	NA
"FMR1"	"CSTF2T"	0.209756331171035	NA
"CSTF2T"	"FMR1"	0.209756331171035	NA
"RBM27"	"LIN28B"	0.209278344186498	NA
"LIN28B"	"RBM27"	0.209278344186498	NA
"U2AF1"	"CPSF6"	0.209150465518723	NA
"CPSF6"	"U2AF1"	0.209150465518723	NA
"SRSF1"	"HNRNPA1"	0.208814037111936	NA
"HNRNPA1"	"SRSF1"	0.208814037111936	"TRUE"
"SLBP"	"SAFB2"	0.208768123064725	NA
"SAFB2"	"SLBP"	0.208768123064725	NA
"HNRNPU"	"GNL3"	0.208677196495193	"TRUE"
"GNL3"	"HNRNPU"	0.208677196495193	NA
"SMNDC1"	"ILF3"	0.208434342375055	NA
"ILF3"	"SMNDC1"	0.208434342375055	NA
"XRN2"	"SBDS"	0.208074353442361	NA
"SBDS"	"XRN2"	0.208074353442361	NA
"SMNDC1"	"HNRNPU"	0.207954621248084	NA
"HNRNPU"	"SMNDC1"	0.207954621248084	NA
"LSM11"	"LARP7"	0.207576108823687	NA
"LARP7"	"LSM11"	0.207576108823687	NA
"LSM11"	"DDX3X"	0.207511751580047	NA
"DDX3X"	"LSM11"	0.207511751580047	NA
"PTBP1"	"HNRNPU"	0.206951621839827	NA
"HNRNPU"	"PTBP1"	0.206951621839827	"TRUE"
"PTBP1"	"AUH"	0.206883146871215	NA
"AUH"	"PTBP1"	0.206883146871215	NA
"NONO"	"FXR1"	0.20672226735608	NA
"FXR1"	"NONO"	0.20672226735608	NA
"SMNDC1"	"SBDS"	0.206579226433668	NA
"SBDS"	"SMNDC1"	0.206579226433668	NA
"YWHAG"	"U2AF1"	0.206310776912783	NA
"U2AF1"	"YWHAG"	0.206310776912783	NA
"SMNDC1"	"HNRNPA1"	0.205953568682061	NA
"HNRNPA1"	"SMNDC1"	0.205953568682061	NA
"RBM22"	"HNRNPM"	0.205708796575145	NA
"HNRNPM"	"RBM22"	0.205708796575145	NA
"FXR2"	"CSTF2T"	0.205548285219819	NA
"CSTF2T"	"FXR2"	0.205548285219819	NA
"CPSF6"	"AUH"	0.205484454606876	NA
"AUH"	"CPSF6"	0.205484454606876	NA
"SBDS"	"HNRNPA1"	0.205466250351753	NA
"HNRNPA1"	"SBDS"	0.205466250351753	NA
"U2AF1"	"IGF2BP2"	0.205018497023529	NA
"IGF2BP2"	"U2AF1"	0.205018497023529	NA
"NONO"	"HNRNPK"	0.204735480367687	NA
"HNRNPK"	"NONO"	0.204735480367687	NA
"SLBP"	"FAM120A"	0.204650401776279	NA
"FAM120A"	"SLBP"	0.204650401776279	NA
"U2AF1"	"PTBP1"	0.204646521543987	NA
"PTBP1"	"U2AF1"	0.204646521543987	NA
"NONO"	"FMR1"	0.20457670504812	NA
"FMR1"	"NONO"	0.20457670504812	NA
"LARP7"	"HNRNPU"	0.204538259351741	NA
"HNRNPU"	"LARP7"	0.204538259351741	NA
"TRA2A"	"RBM22"	0.204480452168195	NA
"RBM22"	"TRA2A"	0.204480452168195	NA
"SRSF1"	"NONO"	0.204275981046913	NA
"NONO"	"SRSF1"	0.204275981046913	NA
"SBDS"	"SAFB2"	0.204215712796231	NA
"SAFB2"	"SBDS"	0.204215712796231	NA
"SRSF1"	"HNRNPUL1"	0.20403231575458	NA
"HNRNPUL1"	"SRSF1"	0.20403231575458	NA
"SLBP"	"ILF3"	0.203954468737894	NA
"ILF3"	"SLBP"	0.203954468737894	NA
"SMNDC1"	"RBM22"	0.203554391251844	NA
"RBM22"	"SMNDC1"	0.203554391251844	NA
"SAFB2"	"LARP7"	0.203242447027903	NA
"LARP7"	"SAFB2"	0.203242447027903	NA
"RBM22"	"FXR2"	0.203036805115902	NA
"FXR2"	"RBM22"	0.203036805115902	NA
"SAFB2"	"NONO"	0.202647088909195	NA
"NONO"	"SAFB2"	0.202647088909195	NA
"TARDBP"	"HNRNPM"	0.202472435693274	"TRUE"
"HNRNPM"	"TARDBP"	0.202472435693274	NA
"HNRNPU"	"AUH"	0.202062035110566	NA
"AUH"	"HNRNPU"	0.202062035110566	NA
"TARDBP"	"ILF3"	0.201926659731344	"TRUE"
"ILF3"	"TARDBP"	0.201926659731344	NA
"SLTM"	"IGF2BP1"	0.20176414077145	NA
"IGF2BP1"	"SLTM"	0.20176414077145	NA
"SND1"	"HNRNPM"	0.201375366696479	NA
"HNRNPM"	"SND1"	0.201375366696479	"TRUE"
"U2AF2"	"DDX42"	0.200807748223318	NA
"DDX42"	"U2AF2"	0.200807748223318	NA
"HNRNPU"	"HNRNPM"	0.200511235913835	NA
"HNRNPM"	"HNRNPU"	0.200511235913835	NA
"SAFB2"	"RBM22"	0.200470726357779	NA
"RBM22"	"SAFB2"	0.200470726357779	NA
"RBM22"	"FXR1"	0.200420590664359	NA
"FXR1"	"RBM22"	0.200420590664359	NA
"ILF3"	"AUH"	0.2002597013466	NA
"AUH"	"ILF3"	0.2002597013466	NA
"SLBP"	"CPSF6"	0.199909810004296	NA
"CPSF6"	"SLBP"	0.199909810004296	NA
"U2AF1"	"TNRC6A"	0.199828923274965	NA
"TNRC6A"	"U2AF1"	0.199828923274965	NA
"HNRNPK"	"GTF2F1"	0.19973386867518	NA
"GTF2F1"	"HNRNPK"	0.19973386867518	NA
"SLBP"	"FXR2"	0.199657076818508	NA
"FXR2"	"SLBP"	0.199657076818508	NA
"SLBP"	"HNRNPUL1"	0.199651383525671	NA
"HNRNPUL1"	"SLBP"	0.199651383525671	NA
"RBM22"	"DDX3X"	0.199563551065164	NA
"DDX3X"	"RBM22"	0.199563551065164	NA
"LARP7"	"HNRNPA1"	0.199432094157245	"TRUE"
"HNRNPA1"	"LARP7"	0.199432094157245	"TRUE"
"PRPF8"	"LSM11"	0.199408303518678	NA
"LSM11"	"PRPF8"	0.199408303518678	NA
"PRPF8"	"DDX42"	0.199169407083382	NA
"DDX42"	"PRPF8"	0.199169407083382	NA
"TROVE2"	"SLBP"	0.199142477332398	NA
"SLBP"	"TROVE2"	0.199142477332398	NA
"LIN28B"	"HNRNPUL1"	0.198776206545431	NA
"HNRNPUL1"	"LIN28B"	0.198776206545431	NA
"LIN28B"	"HNRNPM"	0.198755059248091	NA
"HNRNPM"	"LIN28B"	0.198755059248091	NA
"U2AF1"	"SLTM"	0.198645573451426	NA
"SLTM"	"U2AF1"	0.198645573451426	NA
"TNRC6A"	"HNRNPK"	0.197749148584059	NA
"HNRNPK"	"TNRC6A"	0.197749148584059	NA
"NONO"	"DDX3X"	0.197739753040199	NA
"DDX3X"	"NONO"	0.197739753040199	NA
"SBDS"	"HNRNPK"	0.197615989570992	NA
"HNRNPK"	"SBDS"	0.197615989570992	NA
"PTBP1"	"HNRNPK"	0.197480247434347	"TRUE"
"HNRNPK"	"PTBP1"	0.197480247434347	"TRUE"
"DDX42"	"DDX3X"	0.19728350364893	NA
"DDX3X"	"DDX42"	0.19728350364893	NA
"SLBP"	"NONO"	0.197224688621314	NA
"NONO"	"SLBP"	0.197224688621314	NA
"XRN2"	"KHDRBS1"	0.197079231432982	NA
"KHDRBS1"	"XRN2"	0.197079231432982	NA
"U2AF1"	"LSM11"	0.196717875035459	NA
"LSM11"	"U2AF1"	0.196717875035459	NA
"TRA2A"	"KHDRBS1"	0.196470462304413	NA
"KHDRBS1"	"TRA2A"	0.196470462304413	NA
"SLBP"	"KHDRBS1"	0.19626724871333	NA
"KHDRBS1"	"SLBP"	0.19626724871333	NA
"TAF15"	"SBDS"	0.196151472880661	NA
"SBDS"	"TAF15"	0.196151472880661	NA
"IGF2BP2"	"CSTF2T"	0.196055396207423	NA
"CSTF2T"	"IGF2BP2"	0.196055396207423	NA
"YWHAG"	"HNRNPK"	0.19579054220386	NA
"HNRNPK"	"YWHAG"	0.19579054220386	NA
"TAF15"	"FXR2"	0.195628713323739	NA
"FXR2"	"TAF15"	0.195628713323739	NA
"HNRNPUL1"	"HNRNPK"	0.194922984113187	NA
"HNRNPK"	"HNRNPUL1"	0.194922984113187	NA
"NONO"	"FXR2"	0.194902038061382	"TRUE"
"FXR2"	"NONO"	0.194902038061382	NA
"LIN28B"	"DDX42"	0.194877963398126	NA
"DDX42"	"LIN28B"	0.194877963398126	NA
"HNRNPA1"	"AUH"	0.194561097190752	NA
"AUH"	"HNRNPA1"	0.194561097190752	NA
"PRPF8"	"DGCR8"	0.194131913690153	NA
"DGCR8"	"PRPF8"	0.194131913690153	NA
"SND1"	"SAFB2"	0.193982386538781	NA
"SAFB2"	"SND1"	0.193982386538781	NA
"U2AF1"	"GTF2F1"	0.193728333018612	NA
"GTF2F1"	"U2AF1"	0.193728333018612	NA
"LIN28B"	"CSTF2T"	0.193566895054056	NA
"CSTF2T"	"LIN28B"	0.193566895054056	NA
"U2AF1"	"SND1"	0.193113890316765	NA
"SND1"	"U2AF1"	0.193113890316765	NA
"U2AF1"	"DGCR8"	0.193088240536371	NA
"DGCR8"	"U2AF1"	0.193088240536371	NA
"RBM22"	"IGF2BP1"	0.193085703224582	NA
"IGF2BP1"	"RBM22"	0.193085703224582	NA
"XRN2"	"DDX3X"	0.192842435279527	NA
"DDX3X"	"XRN2"	0.192842435279527	NA
"ILF3"	"HNRNPM"	0.192157504611067	NA
"HNRNPM"	"ILF3"	0.192157504611067	NA
"PRPF8"	"CPSF6"	0.192048776792057	NA
"CPSF6"	"PRPF8"	0.192048776792057	NA
"SLBP"	"FMR1"	0.191712946722989	NA
"FMR1"	"SLBP"	0.191712946722989	NA
"HNRNPM"	"CPSF6"	0.191706378744184	NA
"CPSF6"	"HNRNPM"	0.191706378744184	NA
"SRSF1"	"AUH"	0.191261880364557	NA
"AUH"	"SRSF1"	0.191261880364557	NA
"U2AF1"	"TARDBP"	0.191239041887523	NA
"TARDBP"	"U2AF1"	0.191239041887523	NA
"U2AF1"	"FAM120A"	0.191180682659943	NA
"FAM120A"	"U2AF1"	0.191180682659943	NA
"SLBP"	"FXR1"	0.191057513091544	NA
"FXR1"	"SLBP"	0.191057513091544	NA
"LIN28B"	"KHDRBS1"	0.190905217181499	NA
"KHDRBS1"	"LIN28B"	0.190905217181499	NA
"SLBP"	"CSTF2T"	0.190798213685109	NA
"CSTF2T"	"SLBP"	0.190798213685109	NA
"RBM22"	"FMR1"	0.190531360066877	NA
"FMR1"	"RBM22"	0.190531360066877	NA
"U2AF1"	"RBM27"	0.190207517552656	NA
"RBM27"	"U2AF1"	0.190207517552656	NA
"SRSF1"	"SBDS"	0.190071150159004	NA
"SBDS"	"SRSF1"	0.190071150159004	NA
"TAF15"	"SLBP"	0.190059697331916	NA
"SLBP"	"TAF15"	0.190059697331916	NA
"TAF15"	"KHSRP"	0.189599412080906	NA
"KHSRP"	"TAF15"	0.189599412080906	NA
"TAF15"	"LARP7"	0.189549589245642	NA
"LARP7"	"TAF15"	0.189549589245642	NA
"SMNDC1"	"KHDRBS1"	0.189360777877306	NA
"KHDRBS1"	"SMNDC1"	0.189360777877306	NA
"HNRNPUL1"	"FXR2"	0.189258996222754	NA
"FXR2"	"HNRNPUL1"	0.189258996222754	NA
"HNRNPU"	"FXR1"	0.189255601196459	NA
"FXR1"	"HNRNPU"	0.189255601196459	NA
"TRA2A"	"NONO"	0.189205685259849	NA
"NONO"	"TRA2A"	0.189205685259849	NA
"SMNDC1"	"LARP7"	0.189147890964413	NA
"LARP7"	"SMNDC1"	0.189147890964413	NA
"KHSRP"	"HNRNPUL1"	0.1891165603123	NA
"HNRNPUL1"	"KHSRP"	0.1891165603123	NA
"SAFB2"	"LIN28B"	0.188911481262086	NA
"LIN28B"	"SAFB2"	0.188911481262086	NA
"TARDBP"	"AUH"	0.188881785764717	NA
"AUH"	"TARDBP"	0.188881785764717	NA
"SLTM"	"HNRNPK"	0.188798884385088	NA
"HNRNPK"	"SLTM"	0.188798884385088	NA
"SMNDC1"	"HNRNPM"	0.188587923017811	NA
"HNRNPM"	"SMNDC1"	0.188587923017811	NA
"SMNDC1"	"AUH"	0.188018608928234	NA
"AUH"	"SMNDC1"	0.188018608928234	NA
"TRA2A"	"SLBP"	0.18797150377014	NA
"SLBP"	"TRA2A"	0.18797150377014	NA
"SLBP"	"PTBP1"	0.187890542110151	NA
"PTBP1"	"SLBP"	0.187890542110151	NA
"XRN2"	"LIN28B"	0.187269762948906	NA
"LIN28B"	"XRN2"	0.187269762948906	NA
"SLBP"	"HNRNPM"	0.187210091433192	NA
"HNRNPM"	"SLBP"	0.187210091433192	NA
"ILF3"	"IGF2BP2"	0.187189214613294	NA
"IGF2BP2"	"ILF3"	0.187189214613294	NA
"SLBP"	"HNRNPU"	0.18710523122828	NA
"HNRNPU"	"SLBP"	0.18710523122828	NA
"HNRNPA1"	"FXR2"	0.18690647408749	NA
"FXR2"	"HNRNPA1"	0.18690647408749	NA
"HNRNPM"	"DDX3X"	0.186761569980728	NA
"DDX3X"	"HNRNPM"	0.186761569980728	NA
"XRN2"	"SLBP"	0.186495694610624	NA
"SLBP"	"XRN2"	0.186495694610624	NA
"TROVE2"	"PRPF8"	0.186473775452738	NA
"PRPF8"	"TROVE2"	0.186473775452738	NA
"NPM1"	"HNRNPM"	0.185883779042145	"TRUE"
"HNRNPM"	"NPM1"	0.185883779042145	NA
"SLBP"	"LSM11"	0.185736548380253	NA
"LSM11"	"SLBP"	0.185736548380253	NA
"SLBP"	"HNRNPA1"	0.185644677729685	NA
"HNRNPA1"	"SLBP"	0.185644677729685	NA
"PRPF8"	"GTF2F1"	0.185581225085289	NA
"GTF2F1"	"PRPF8"	0.185581225085289	NA
"SND1"	"SLBP"	0.185230655985534	NA
"SLBP"	"SND1"	0.185230655985534	NA
"TAF15"	"FMR1"	0.185116536343105	NA
"FMR1"	"TAF15"	0.185116536343105	NA
"KHSRP"	"HNRNPU"	0.18509407307543	NA
"HNRNPU"	"KHSRP"	0.18509407307543	NA
"U2AF1"	"FXR1"	0.185077186975681	NA
"FXR1"	"U2AF1"	0.185077186975681	NA
"PRPF8"	"CSTF2T"	0.184981132350934	NA
"CSTF2T"	"PRPF8"	0.184981132350934	NA
"LIN28B"	"HNRNPA1"	0.184836182957231	NA
"HNRNPA1"	"LIN28B"	0.184836182957231	NA
"NONO"	"IGF2BP2"	0.184763878024497	NA
"IGF2BP2"	"NONO"	0.184763878024497	NA
"KHSRP"	"KHDRBS1"	0.184455592417608	NA
"KHDRBS1"	"KHSRP"	0.184455592417608	NA
"TRA2A"	"HNRNPU"	0.182987249885143	NA
"HNRNPU"	"TRA2A"	0.182987249885143	"TRUE"
"HNRNPM"	"FXR1"	0.182777958744366	NA
"FXR1"	"HNRNPM"	0.182777958744366	NA
"U2AF1"	"LARP7"	0.182764667472216	NA
"LARP7"	"U2AF1"	0.182764667472216	NA
"U2AF1"	"AUH"	0.181985083063456	NA
"AUH"	"U2AF1"	0.181985083063456	NA
"TAF15"	"AUH"	0.181666883791586	NA
"AUH"	"TAF15"	0.181666883791586	NA
"SLBP"	"LIN28B"	0.181617088815049	NA
"LIN28B"	"SLBP"	0.181617088815049	NA
"DDX3X"	"CSTF2T"	0.181473169115791	NA
"CSTF2T"	"DDX3X"	0.181473169115791	NA
"RBM22"	"IGF2BP2"	0.181359769424245	NA
"IGF2BP2"	"RBM22"	0.181359769424245	NA
"PRPF8"	"EIF4G2"	0.181301198512948	NA
"EIF4G2"	"PRPF8"	0.181301198512948	NA
"HNRNPK"	"FAM120A"	0.181202946363855	NA
"FAM120A"	"HNRNPK"	0.181202946363855	NA
"XRN2"	"HNRNPK"	0.180205590811845	NA
"HNRNPK"	"XRN2"	0.180205590811845	NA
"U2AF1"	"TROVE2"	0.180169829941825	NA
"TROVE2"	"U2AF1"	0.180169829941825	NA
"KHDRBS1"	"IGF2BP1"	0.179961889538223	NA
"IGF2BP1"	"KHDRBS1"	0.179961889538223	NA
"ILF3"	"FXR1"	0.179930964132082	NA
"FXR1"	"ILF3"	0.179930964132082	NA
"HNRNPK"	"DDX42"	0.179647081383856	NA
"DDX42"	"HNRNPK"	0.179647081383856	NA
"SAFB2"	"FXR2"	0.179569628848215	NA
"FXR2"	"SAFB2"	0.179569628848215	NA
"U2AF1"	"SBDS"	0.179359786711085	NA
"SBDS"	"U2AF1"	0.179359786711085	NA
"U2AF2"	"CPSF6"	0.179307599428269	NA
"CPSF6"	"U2AF2"	0.179307599428269	"TRUE"
"YWHAG"	"PRPF8"	0.179187903380737	NA
"PRPF8"	"YWHAG"	0.179187903380737	NA
"LARP7"	"DDX3X"	0.178646373733923	NA
"DDX3X"	"LARP7"	0.178646373733923	NA
"TARDBP"	"PRPF8"	0.178381477251898	NA
"PRPF8"	"TARDBP"	0.178381477251898	NA
"U2AF1"	"PRPF8"	0.17831219022859	NA
"PRPF8"	"U2AF1"	0.17831219022859	"TRUE"
"SRSF1"	"IGF2BP1"	0.178101550540099	NA
"IGF2BP1"	"SRSF1"	0.178101550540099	NA
"DDX3X"	"AUH"	0.178015928684188	NA
"AUH"	"DDX3X"	0.178015928684188	NA
"TAF15"	"IGF2BP1"	0.17788036210424	NA
"IGF2BP1"	"TAF15"	0.17788036210424	NA
"SAFB2"	"AUH"	0.17787312732579	NA
"AUH"	"SAFB2"	0.17787312732579	NA
"HNRNPUL1"	"FMR1"	0.177821204673124	NA
"FMR1"	"HNRNPUL1"	0.177821204673124	NA
"U2AF1"	"CSTF2T"	0.177293322209851	NA
"CSTF2T"	"U2AF1"	0.177293322209851	NA
"KHSRP"	"CSTF2T"	0.177138106534013	NA
"CSTF2T"	"KHSRP"	0.177138106534013	NA
"SAFB2"	"HNRNPM"	0.177113114010762	NA
"HNRNPM"	"SAFB2"	0.177113114010762	NA
"U2AF2"	"PRPF8"	0.177051194432293	NA
"PRPF8"	"U2AF2"	0.177051194432293	NA
"IGF2BP2"	"HNRNPUL1"	0.176810776108786	NA
"HNRNPUL1"	"IGF2BP2"	0.176810776108786	NA
"NONO"	"KHSRP"	0.176494110445916	NA
"KHSRP"	"NONO"	0.176494110445916	NA
"RBM22"	"LIN28B"	0.176172810082016	NA
"LIN28B"	"RBM22"	0.176172810082016	NA
"HNRNPA1"	"FMR1"	0.175941475780195	NA
"FMR1"	"HNRNPA1"	0.175941475780195	NA
"LARP7"	"IGF2BP1"	0.17553010030444	NA
"IGF2BP1"	"LARP7"	0.17553010030444	NA
"SRSF1"	"KHDRBS1"	0.175489148705255	NA
"KHDRBS1"	"SRSF1"	0.175489148705255	NA
"LARP7"	"KHDRBS1"	0.175213055103454	NA
"KHDRBS1"	"LARP7"	0.175213055103454	NA
"LSM11"	"HNRNPK"	0.175140216235181	NA
"HNRNPK"	"LSM11"	0.175140216235181	NA
"LIN28B"	"LARP7"	0.174646587537091	"TRUE"
"LARP7"	"LIN28B"	0.174646587537091	NA
"RBM22"	"HNRNPK"	0.174376755760322	NA
"HNRNPK"	"RBM22"	0.174376755760322	NA
"HNRNPUL1"	"DDX3X"	0.174260869395717	NA
"DDX3X"	"HNRNPUL1"	0.174260869395717	NA
"TRA2A"	"HNRNPM"	0.173793558692518	NA
"HNRNPM"	"TRA2A"	0.173793558692518	"TRUE"
"IGF2BP1"	"HNRNPUL1"	0.173732867238439	NA
"HNRNPUL1"	"IGF2BP1"	0.173732867238439	NA
"KHSRP"	"HNRNPM"	0.172663463833243	NA
"HNRNPM"	"KHSRP"	0.172663463833243	NA
"IGF2BP2"	"HNRNPM"	0.172562818587143	NA
"HNRNPM"	"IGF2BP2"	0.172562818587143	NA
"SLBP"	"DDX3X"	0.172440959251465	NA
"DDX3X"	"SLBP"	0.172440959251465	NA
"IGF2BP1"	"CSTF2T"	0.171833373853199	NA
"CSTF2T"	"IGF2BP1"	0.171833373853199	NA
"IGF2BP1"	"AUH"	0.171802494485115	NA
"AUH"	"IGF2BP1"	0.171802494485115	NA
"KHDRBS1"	"DDX3X"	0.17176254790863	NA
"DDX3X"	"KHDRBS1"	0.17176254790863	NA
"SLTM"	"PRPF8"	0.171638906850368	NA
"PRPF8"	"SLTM"	0.171638906850368	NA
"PRPF8"	"FAM120A"	0.17118316989473	NA
"FAM120A"	"PRPF8"	0.17118316989473	NA
"IGF2BP2"	"HNRNPA1"	0.170731715578606	NA
"HNRNPA1"	"IGF2BP2"	0.170731715578606	"TRUE"
"KHDRBS1"	"AUH"	0.169744796979919	NA
"AUH"	"KHDRBS1"	0.169744796979919	NA
"SRSF1"	"HNRNPU"	0.169494737516383	NA
"HNRNPU"	"SRSF1"	0.169494737516383	"TRUE"
"ILF3"	"IGF2BP1"	0.169294072732404	NA
"IGF2BP1"	"ILF3"	0.169294072732404	NA
"PTBP1"	"HNRNPM"	0.169074006290926	NA
"HNRNPM"	"PTBP1"	0.169074006290926	NA
"SRSF1"	"RBM22"	0.168972225880504	NA
"RBM22"	"SRSF1"	0.168972225880504	NA
"TNRC6A"	"PRPF8"	0.168533179470078	NA
"PRPF8"	"TNRC6A"	0.168533179470078	NA
"U2AF1"	"GNL3"	0.168261148228352	NA
"GNL3"	"U2AF1"	0.168261148228352	NA
"LSM11"	"KHSRP"	0.168179681988757	NA
"KHSRP"	"LSM11"	0.168179681988757	NA
"PRPF8"	"DDX3X"	0.168107726722465	NA
"DDX3X"	"PRPF8"	0.168107726722465	"TRUE"
"HNRNPU"	"HNRNPK"	0.167489212107376	"TRUE"
"HNRNPK"	"HNRNPU"	0.167489212107376	"TRUE"
"TAF15"	"IGF2BP2"	0.167487066272616	NA
"IGF2BP2"	"TAF15"	0.167487066272616	NA
"SMNDC1"	"SLBP"	0.16714358434176	NA
"SLBP"	"SMNDC1"	0.16714358434176	NA
"HNRNPK"	"EIF4G2"	0.167032701487969	NA
"EIF4G2"	"HNRNPK"	0.167032701487969	NA
"SMNDC1"	"SAFB2"	0.166355297077079	NA
"SAFB2"	"SMNDC1"	0.166355297077079	NA
"NONO"	"LIN28B"	0.165781476325628	NA
"LIN28B"	"NONO"	0.165781476325628	NA
"PRPF8"	"NONO"	0.165468119697539	NA
"NONO"	"PRPF8"	0.165468119697539	NA
"HNRNPK"	"HNRNPA1"	0.165181989905653	"TRUE"
"HNRNPA1"	"HNRNPK"	0.165181989905653	"TRUE"
"HNRNPU"	"FXR2"	0.16505017799699	NA
"FXR2"	"HNRNPU"	0.16505017799699	NA
"U2AF1"	"NPM1"	0.165025745631451	NA
"NPM1"	"U2AF1"	0.165025745631451	NA
"SLBP"	"IGF2BP2"	0.164824557832444	NA
"IGF2BP2"	"SLBP"	0.164824557832444	NA
"LARP7"	"HNRNPK"	0.163742702051877	NA
"HNRNPK"	"LARP7"	0.163742702051877	NA
"U2AF2"	"PTBP1"	0.163660871553656	NA
"PTBP1"	"U2AF2"	0.163660871553656	NA
"SAFB2"	"FMR1"	0.163616588634446	NA
"FMR1"	"SAFB2"	0.163616588634446	NA
"U2AF1"	"NONO"	0.163386044362203	NA
"NONO"	"U2AF1"	0.163386044362203	NA
"IGF2BP1"	"DDX42"	0.163299449921206	NA
"DDX42"	"IGF2BP1"	0.163299449921206	NA
"IGF2BP2"	"HNRNPK"	0.163242385274442	NA
"HNRNPK"	"IGF2BP2"	0.163242385274442	NA
"LIN28B"	"AUH"	0.162898792217394	NA
"AUH"	"LIN28B"	0.162898792217394	NA
"HNRNPK"	"GNL3"	0.161928109813998	NA
"GNL3"	"HNRNPK"	0.161928109813998	NA
"KHDRBS1"	"HNRNPM"	0.161511998460896	NA
"HNRNPM"	"KHDRBS1"	0.161511998460896	NA
"U2AF1"	"RBM22"	0.16133888708385	NA
"RBM22"	"U2AF1"	0.16133888708385	NA
"ILF3"	"FXR2"	0.161304790505798	NA
"FXR2"	"ILF3"	0.161304790505798	NA
"U2AF1"	"HNRNPM"	0.161294778115079	NA
"HNRNPM"	"U2AF1"	0.161294778115079	"TRUE"
"XRN2"	"IGF2BP1"	0.160837130852238	NA
"IGF2BP1"	"XRN2"	0.160837130852238	NA
"LIN28B"	"HNRNPU"	0.160173103344486	NA
"HNRNPU"	"LIN28B"	0.160173103344486	NA
"LIN28B"	"ILF3"	0.16004714742014	NA
"ILF3"	"LIN28B"	0.16004714742014	NA
"U2AF1"	"HNRNPUL1"	0.159884651434171	NA
"HNRNPUL1"	"U2AF1"	0.159884651434171	NA
"SLBP"	"IGF2BP1"	0.159683425198178	NA
"IGF2BP1"	"SLBP"	0.159683425198178	NA
"U2AF2"	"TARDBP"	0.159673828674501	NA
"TARDBP"	"U2AF2"	0.159673828674501	"TRUE"
"SRSF1"	"ILF3"	0.159622883935733	NA
"ILF3"	"SRSF1"	0.159622883935733	NA
"IGF2BP1"	"HNRNPK"	0.159034830932292	NA
"HNRNPK"	"IGF2BP1"	0.159034830932292	NA
"YWHAG"	"U2AF2"	0.158834683852097	NA
"U2AF2"	"YWHAG"	0.158834683852097	NA
"HNRNPA1"	"DDX3X"	0.158481666274208	"TRUE"
"DDX3X"	"HNRNPA1"	0.158481666274208	NA
"TRA2A"	"ILF3"	0.157906806040835	NA
"ILF3"	"TRA2A"	0.157906806040835	NA
"XRN2"	"KHSRP"	0.157487162867465	NA
"KHSRP"	"XRN2"	0.157487162867465	NA
"RBM27"	"PRPF8"	0.157482281193486	NA
"PRPF8"	"RBM27"	0.157482281193486	NA
"IGF2BP1"	"HNRNPA1"	0.157396640141597	NA
"HNRNPA1"	"IGF2BP1"	0.157396640141597	"TRUE"
"PTBP1"	"PRPF8"	0.157254992676497	NA
"PRPF8"	"PTBP1"	0.157254992676497	NA
"SLBP"	"HNRNPK"	0.157000965216631	NA
"HNRNPK"	"SLBP"	0.157000965216631	NA
"TROVE2"	"KHSRP"	0.156917438482036	NA
"KHSRP"	"TROVE2"	0.156917438482036	NA
"U2AF2"	"LSM11"	0.156321655252211	NA
"LSM11"	"U2AF2"	0.156321655252211	NA
"KHSRP"	"ILF3"	0.155494779192636	NA
"ILF3"	"KHSRP"	0.155494779192636	NA
"U2AF1"	"IGF2BP1"	0.155341374105674	NA
"IGF2BP1"	"U2AF1"	0.155341374105674	NA
"U2AF2"	"TRA2A"	0.155178707155533	NA
"TRA2A"	"U2AF2"	0.155178707155533	NA
"SND1"	"HNRNPK"	0.154825244154827	NA
"HNRNPK"	"SND1"	0.154825244154827	NA
"KHDRBS1"	"FXR2"	0.154712726011205	NA
"FXR2"	"KHDRBS1"	0.154712726011205	NA
"IGF2BP2"	"HNRNPU"	0.154565108541797	NA
"HNRNPU"	"IGF2BP2"	0.154565108541797	NA
"KHDRBS1"	"IGF2BP2"	0.154357682364396	NA
"IGF2BP2"	"KHDRBS1"	0.154357682364396	NA
"RBM22"	"PRPF8"	0.154292893987349	NA
"PRPF8"	"RBM22"	0.154292893987349	NA
"SRSF1"	"SLBP"	0.153670164393007	NA
"SLBP"	"SRSF1"	0.153670164393007	NA
"SAFB2"	"IGF2BP1"	0.153655374591517	NA
"IGF2BP1"	"SAFB2"	0.153655374591517	NA
"PRPF8"	"LIN28B"	0.153530249698674	NA
"LIN28B"	"PRPF8"	0.153530249698674	NA
"U2AF2"	"FXR2"	0.152937162206508	NA
"FXR2"	"U2AF2"	0.152937162206508	NA
"PRPF8"	"FXR1"	0.152689333417868	NA
"FXR1"	"PRPF8"	0.152689333417868	NA
"RBM27"	"KHSRP"	0.152362122669648	NA
"KHSRP"	"RBM27"	0.152362122669648	NA
"U2AF1"	"KHSRP"	0.152088939943227	NA
"KHSRP"	"U2AF1"	0.152088939943227	NA
"PRPF8"	"ILF3"	0.151652902089831	NA
"ILF3"	"PRPF8"	0.151652902089831	NA
"SAFB2"	"KHSRP"	0.151151285949342	NA
"KHSRP"	"SAFB2"	0.151151285949342	NA
"KHSRP"	"DDX42"	0.150645319411782	NA
"DDX42"	"KHSRP"	0.150645319411782	NA
"PRPF8"	"KHSRP"	0.149840643786013	NA
"KHSRP"	"PRPF8"	0.149840643786013	NA
"ILF3"	"FMR1"	0.149728486609179	NA
"FMR1"	"ILF3"	0.149728486609179	NA
"ILF3"	"DDX3X"	0.149644420328554	NA
"DDX3X"	"ILF3"	0.149644420328554	NA
"U2AF2"	"IGF2BP2"	0.148962525233275	NA
"IGF2BP2"	"U2AF2"	0.148962525233275	NA
"U2AF2"	"SND1"	0.14882353863422	NA
"SND1"	"U2AF2"	0.14882353863422	NA
"SMNDC1"	"HNRNPK"	0.148617215047231	NA
"HNRNPK"	"SMNDC1"	0.148617215047231	NA
"U2AF2"	"KHSRP"	0.148605803222063	NA
"KHSRP"	"U2AF2"	0.148605803222063	NA
"SAFB2"	"IGF2BP2"	0.148589700892038	NA
"IGF2BP2"	"SAFB2"	0.148589700892038	NA
"KHSRP"	"DGCR8"	0.148048005141406	NA
"DGCR8"	"KHSRP"	0.148048005141406	NA
"HNRNPU"	"FMR1"	0.146752874824517	NA
"FMR1"	"HNRNPU"	0.146752874824517	NA
"U2AF2"	"FAM120A"	0.146694049529073	NA
"FAM120A"	"U2AF2"	0.146694049529073	NA
"U2AF2"	"EIF4G2"	0.146634700100929	NA
"EIF4G2"	"U2AF2"	0.146634700100929	NA
"SLTM"	"KHSRP"	0.145781622482023	NA
"KHSRP"	"SLTM"	0.145781622482023	NA
"KHDRBS1"	"HNRNPK"	0.145710594542621	"TRUE"
"HNRNPK"	"KHDRBS1"	0.145710594542621	"TRUE"
"KHSRP"	"HNRNPA1"	0.144736080133353	"TRUE"
"HNRNPA1"	"KHSRP"	0.144736080133353	"TRUE"
"PRPF8"	"NPM1"	0.144707367118873	NA
"NPM1"	"PRPF8"	0.144707367118873	NA
"U2AF1"	"HNRNPA1"	0.144640320876103	NA
"HNRNPA1"	"U2AF1"	0.144640320876103	NA
"KHDRBS1"	"FMR1"	0.144630900168477	NA
"FMR1"	"KHDRBS1"	0.144630900168477	NA
"PRPF8"	"IGF2BP2"	0.144543992678423	NA
"IGF2BP2"	"PRPF8"	0.144543992678423	NA
"IGF2BP1"	"HNRNPU"	0.144377147161601	NA
"HNRNPU"	"IGF2BP1"	0.144377147161601	"TRUE"
"TAF15"	"PRPF8"	0.14241925377837	NA
"PRPF8"	"TAF15"	0.14241925377837	NA
"SAFB2"	"DDX3X"	0.141658247458445	NA
"DDX3X"	"SAFB2"	0.141658247458445	NA
"U2AF2"	"TROVE2"	0.141324852332798	NA
"TROVE2"	"U2AF2"	0.141324852332798	NA
"U2AF1"	"HNRNPU"	0.141256504164242	NA
"HNRNPU"	"U2AF1"	0.141256504164242	"TRUE"
"PRPF8"	"HNRNPUL1"	0.141014633185661	NA
"HNRNPUL1"	"PRPF8"	0.141014633185661	NA
"KHSRP"	"CPSF6"	0.140082051105334	"TRUE"
"CPSF6"	"KHSRP"	0.140082051105334	NA
"PRPF8"	"LARP7"	0.139980532167462	NA
"LARP7"	"PRPF8"	0.139980532167462	NA
"TRA2A"	"PRPF8"	0.139609870762108	NA
"PRPF8"	"TRA2A"	0.139609870762108	NA
"U2AF1"	"LIN28B"	0.139592685994601	NA
"LIN28B"	"U2AF1"	0.139592685994601	NA
"U2AF2"	"DGCR8"	0.139440750827153	NA
"DGCR8"	"U2AF2"	0.139440750827153	NA
"NONO"	"IGF2BP1"	0.138833603295456	NA
"IGF2BP1"	"NONO"	0.138833603295456	NA
"U2AF2"	"CSTF2T"	0.138690281474457	NA
"CSTF2T"	"U2AF2"	0.138690281474457	NA
"PRPF8"	"GNL3"	0.138423043664207	NA
"GNL3"	"PRPF8"	0.138423043664207	NA
"TARDBP"	"KHSRP"	0.138228186371821	"TRUE"
"KHSRP"	"TARDBP"	0.138228186371821	NA
"NPM1"	"HNRNPK"	0.138079016897532	NA
"HNRNPK"	"NPM1"	0.138079016897532	NA
"KHSRP"	"GTF2F1"	0.137935863300194	NA
"GTF2F1"	"KHSRP"	0.137935863300194	NA
"HNRNPU"	"DDX3X"	0.137704744899004	NA
"DDX3X"	"HNRNPU"	0.137704744899004	NA
"PRPF8"	"AUH"	0.137389292310149	NA
"AUH"	"PRPF8"	0.137389292310149	NA
"SMNDC1"	"KHSRP"	0.136491235355368	NA
"KHSRP"	"SMNDC1"	0.136491235355368	NA
"U2AF1"	"DDX3X"	0.1355096687927	NA
"DDX3X"	"U2AF1"	0.1355096687927	NA
"PRPF8"	"HNRNPM"	0.135389584279472	NA
"HNRNPM"	"PRPF8"	0.135389584279472	"TRUE"
"U2AF1"	"TAF15"	0.134721097656262	NA
"TAF15"	"U2AF1"	0.134721097656262	NA
"PRPF8"	"FXR2"	0.134565562762012	NA
"FXR2"	"PRPF8"	0.134565562762012	NA
"SBDS"	"PRPF8"	0.134362436422451	NA
"PRPF8"	"SBDS"	0.134362436422451	NA
"U2AF2"	"IGF2BP1"	0.133994199568018	NA
"IGF2BP1"	"U2AF2"	0.133994199568018	NA
"PRPF8"	"KHDRBS1"	0.133639430891948	NA
"KHDRBS1"	"PRPF8"	0.133639430891948	NA
"U2AF2"	"FXR1"	0.1335261768106	NA
"FXR1"	"U2AF2"	0.1335261768106	NA
"U2AF2"	"RBM27"	0.133520687405363	NA
"RBM27"	"U2AF2"	0.133520687405363	NA
"TAF15"	"HNRNPK"	0.133329403578551	NA
"HNRNPK"	"TAF15"	0.133329403578551	NA
"HNRNPK"	"FXR2"	0.133156930642258	NA
"FXR2"	"HNRNPK"	0.133156930642258	NA
"RBM22"	"KHSRP"	0.13300640737935	NA
"KHSRP"	"RBM22"	0.13300640737935	NA
"U2AF2"	"HNRNPUL1"	0.132900597898505	NA
"HNRNPUL1"	"U2AF2"	0.132900597898505	NA
"PRPF8"	"FMR1"	0.132593647282491	NA
"FMR1"	"PRPF8"	0.132593647282491	NA
"HNRNPM"	"HNRNPK"	0.131822642612125	NA
"HNRNPK"	"HNRNPM"	0.131822642612125	"TRUE"
"U2AF2"	"TNRC6A"	0.131545005666314	NA
"TNRC6A"	"U2AF2"	0.131545005666314	NA
"U2AF2"	"SLTM"	0.13109481462154	NA
"SLTM"	"U2AF2"	0.13109481462154	NA
"HNRNPK"	"CPSF6"	0.131081553441083	NA
"CPSF6"	"HNRNPK"	0.131081553441083	NA
"PRPF8"	"IGF2BP1"	0.131036068764801	NA
"IGF2BP1"	"PRPF8"	0.131036068764801	NA
"U2AF2"	"GTF2F1"	0.129981333457962	NA
"GTF2F1"	"U2AF2"	0.129981333457962	NA
"PRPF8"	"HNRNPU"	0.128074958699969	NA
"HNRNPU"	"PRPF8"	0.128074958699969	"TRUE"
"PRPF8"	"HNRNPA1"	0.12694515121139	NA
"HNRNPA1"	"PRPF8"	0.12694515121139	"TRUE"
"U2AF2"	"TAF15"	0.126850556365455	NA
"TAF15"	"U2AF2"	0.126850556365455	NA
"SRSF1"	"KHSRP"	0.12659637327961	NA
"KHSRP"	"SRSF1"	0.12659637327961	NA
"U2AF2"	"RBM22"	0.126300195124223	NA
"RBM22"	"U2AF2"	0.126300195124223	NA
"U2AF2"	"NPM1"	0.124184787555993	NA
"NPM1"	"U2AF2"	0.124184787555993	NA
"SAFB2"	"PRPF8"	0.123128823393506	NA
"PRPF8"	"SAFB2"	0.123128823393506	NA
"TARDBP"	"HNRNPK"	0.122953060028906	NA
"HNRNPK"	"TARDBP"	0.122953060028906	"TRUE"
"HNRNPK"	"FMR1"	0.122673710149309	NA
"FMR1"	"HNRNPK"	0.122673710149309	NA
"NPM1"	"KHSRP"	0.122120034237438	NA
"KHSRP"	"NPM1"	0.122120034237438	NA
"U2AF1"	"ILF3"	0.121722879936279	NA
"ILF3"	"U2AF1"	0.121722879936279	NA
"U2AF2"	"FMR1"	0.1212825620333	NA
"FMR1"	"U2AF2"	0.1212825620333	NA
"U2AF1"	"SLBP"	0.120311257729106	NA
"SLBP"	"U2AF1"	0.120311257729106	NA
"U2AF2"	"AUH"	0.118976304800344	NA
"AUH"	"U2AF2"	0.118976304800344	NA
"U2AF2"	"GNL3"	0.117524734749741	NA
"GNL3"	"U2AF2"	0.117524734749741	NA
"YWHAG"	"KHSRP"	0.117120743758227	NA
"KHSRP"	"YWHAG"	0.117120743758227	NA
"PTBP1"	"KHSRP"	0.116980621307085	NA
"KHSRP"	"PTBP1"	0.116980621307085	NA
"TRA2A"	"HNRNPK"	0.116378877807874	NA
"HNRNPK"	"TRA2A"	0.116378877807874	NA
"SLBP"	"KHSRP"	0.115614910667678	NA
"KHSRP"	"SLBP"	0.115614910667678	NA
"SBDS"	"KHSRP"	0.11495366687958	NA
"KHSRP"	"SBDS"	0.11495366687958	NA
"U2AF1"	"KHDRBS1"	0.114023298701583	NA
"KHDRBS1"	"U2AF1"	0.114023298701583	NA
"SND1"	"KHSRP"	0.113794912985171	NA
"KHSRP"	"SND1"	0.113794912985171	NA
"HNRNPK"	"FXR1"	0.112993457570037	NA
"FXR1"	"HNRNPK"	0.112993457570037	NA
"U2AF2"	"LIN28B"	0.112380412501096	NA
"LIN28B"	"U2AF2"	0.112380412501096	NA
"U2AF2"	"HNRNPA1"	0.111824006777078	NA
"HNRNPA1"	"U2AF2"	0.111824006777078	NA
"U2AF1"	"SAFB2"	0.110265812733688	NA
"SAFB2"	"U2AF1"	0.110265812733688	NA
"KHSRP"	"HNRNPK"	0.110009859022658	NA
"HNRNPK"	"KHSRP"	0.110009859022658	NA
"U2AF2"	"HNRNPU"	0.109858992869228	NA
"HNRNPU"	"U2AF2"	0.109858992869228	"TRUE"
"U2AF2"	"SBDS"	0.109336636067322	NA
"SBDS"	"U2AF2"	0.109336636067322	NA
"KHSRP"	"FAM120A"	0.108094304996899	NA
"FAM120A"	"KHSRP"	0.108094304996899	NA
"U2AF2"	"DDX3X"	0.107274402512673	NA
"DDX3X"	"U2AF2"	0.107274402512673	"TRUE"
"KHSRP"	"EIF4G2"	0.105046304959164	NA
"EIF4G2"	"KHSRP"	0.105046304959164	NA
"TNRC6A"	"KHSRP"	0.103097039229457	NA
"KHSRP"	"TNRC6A"	0.103097039229457	NA
"PRPF8"	"HNRNPK"	0.102955077936519	NA
"HNRNPK"	"PRPF8"	0.102955077936519	NA
"SAFB2"	"HNRNPK"	0.101636015895821	NA
"HNRNPK"	"SAFB2"	0.101636015895821	NA
"U2AF1"	"HNRNPK"	0.10136574746648	NA
"HNRNPK"	"U2AF1"	0.10136574746648	"TRUE"
"U2AF2"	"KHDRBS1"	0.101013506769784	"TRUE"
"KHDRBS1"	"U2AF2"	0.101013506769784	"TRUE"
"KHSRP"	"GNL3"	0.0996052446463231	NA
"GNL3"	"KHSRP"	0.0996052446463231	NA
"U2AF2"	"LARP7"	0.099344870214442	NA
"LARP7"	"U2AF2"	0.099344870214442	NA
"SLBP"	"PRPF8"	0.0992115676118396	NA
"PRPF8"	"SLBP"	0.0992115676118396	NA
"LARP7"	"KHSRP"	0.0971570662703671	NA
"KHSRP"	"LARP7"	0.0971570662703671	NA
"U2AF2"	"ILF3"	0.0968766578616613	NA
"ILF3"	"U2AF2"	0.0968766578616613	NA
"IGF2BP1"	"HNRNPM"	0.0966357837084703	NA
"HNRNPM"	"IGF2BP1"	0.0966357837084703	NA
"U2AF2"	"NONO"	0.0957773851025788	"TRUE"
"NONO"	"U2AF2"	0.0957773851025788	"TRUE"
"U2AF2"	"HNRNPM"	0.095335506832271	NA
"HNRNPM"	"U2AF2"	0.095335506832271	"TRUE"
"U2AF2"	"SAFB2"	0.0927806196092751	NA
"SAFB2"	"U2AF2"	0.0927806196092751	NA
"KHSRP"	"AUH"	0.0853142172399462	NA
"AUH"	"KHSRP"	0.0853142172399462	NA
"U2AF2"	"SLBP"	0.0841682371412709	NA
"SLBP"	"U2AF2"	0.0841682371412709	NA
"HNRNPK"	"DDX3X"	0.0834375905420046	NA
"DDX3X"	"HNRNPK"	0.0834375905420046	NA
"TRA2A"	"KHSRP"	0.0809826589754554	NA
"KHSRP"	"TRA2A"	0.0809826589754554	NA
"SRSF1"	"HNRNPK"	0.0795624317134284	NA
"HNRNPK"	"SRSF1"	0.0795624317134284	"TRUE"
"U2AF2"	"HNRNPK"	0.0763702015272146	"TRUE"
"HNRNPK"	"U2AF2"	0.0763702015272146	"TRUE"
"LIN28B"	"KHSRP"	0.0734573048055732	NA
"KHSRP"	"LIN28B"	0.0734573048055732	NA
"KHSRP"	"DDX3X"	0.0667673000468581	NA
"DDX3X"	"KHSRP"	0.0667673000468581	NA
"KHSRP"	"FXR1"	0.0650597700239184	NA
"FXR1"	"KHSRP"	0.0650597700239184	NA
"LIN28B"	"HNRNPK"	0.0441261516032396	NA
"HNRNPK"	"LIN28B"	0.0441261516032396	NA
"KHSRP"	"IGF2BP1"	0.0328027197427984	NA
"IGF2BP1"	"KHSRP"	0.0328027197427984	NA
"KHSRP"	"IGF2BP2"	0.0316624555109367	NA
"IGF2BP2"	"KHSRP"	0.0316624555109367	NA
"KHSRP"	"FMR1"	0.0259856248093194	NA
"FMR1"	"KHSRP"	0.0259856248093194	NA
"KHSRP"	"FXR2"	0.0215168768753487	NA
"FXR2"	"KHSRP"	0.0215168768753487	NA
